Object Type,Title,Item ARK,Parent ARK,File Name,Visibility,Item Sequence,Thumbnail,Contents note,Date.created,Date.normalized,Description.note,Format.extent,Format.medium,Genre,Language,Local identifier,Place of origin,Repository,Type.typeOfResource,Rights.copyrightStatus,Rights.rightsHolderContact,viewingHint,Name.director,Subject,IIIF Manifest URL
Work,1939-11 (año 01 | num. 01),ark:/21198/z1ps0hjd,ark:/21198/z1z92136,,open,,https://iiif.library.ucla.edu/iiif/2/ark%3A%2F21198%2Fz10s2b2m,,1939-11-01/1939-11-30,1939-11-01/1939-11-30,Microfilm was digitized by Instituto de Historia de Cuba. Physical microfilm is located at Biblioteca Nacional de Cuba José Martí.,43 pages,digitized microfilm,newspapers,spa,ihc_revistactc_193911,Havana (Cuba),Instituto de Historia de Cuba,text,unknown,"http://www.ihc.cu/, webmaster@ihc.cu",individuals,"Peña, Lazaro",Havana (Cuba) -- newspapers|~|Cuba -- Politics and government -- newspapers,https://iiif.library.ucla.edu/ark%3A%2F21198%2Fz1ps0hjd/manifest
Work,1939-12 (año 01 | num. 02),ark:/21198/z1k09rwb,ark:/21198/z1z92136,,open,,https://iiif.library.ucla.edu/iiif/2/ark%3A%2F21198%2Fz15b2q3p,,1939-12-01/1939-12-31,1939-12-01/1939-12-31,Microfilm was digitized by Instituto de Historia de Cuba. Physical microfilm is located at Biblioteca Nacional de Cuba José Martí.,44 pages,digitized microfilm,newspapers,spa,ihc_revistactc_193912,Havana (Cuba),Instituto de Historia de Cuba,text,unknown,"http://www.ihc.cu/, webmaster@ihc.cu",individuals,"Peña, Lazaro",Havana (Cuba) -- newspapers|~|Cuba -- Politics and government -- newspapers,https://iiif.library.ucla.edu/ark%3A%2F21198%2Fz1k09rwb/manifest
Work,1940-01 (año 02 | num. 03),ark:/21198/z1f7916v,ark:/21198/z1z92136,,open,,https://iiif.library.ucla.edu/iiif/2/ark%3A%2F21198%2Fz19w336q,,1940-01-01/1940-01-31,1940-01-01/1940-01-31,Microfilm was digitized by Instituto de Historia de Cuba. Physical microfilm is located at Biblioteca Nacional de Cuba José Martí.,44 pages,digitized microfilm,newspapers,spa,ihc_revistactc_194001,Havana (Cuba),Instituto de Historia de Cuba,text,unknown,"http://www.ihc.cu/, webmaster@ihc.cu",individuals,"Peña, Lazaro",Havana (Cuba) -- newspapers|~|Cuba -- Politics and government -- newspapers,https://iiif.library.ucla.edu/ark%3A%2F21198%2Fz1f7916v/manifest
Work,1940-02 (año 02 | num. 04),ark:/21198/z19k6zw2,ark:/21198/z1z92136,,open,,https://iiif.library.ucla.edu/iiif/2/ark%3A%2F21198%2Fz1gj25mn,,1940-02-01/1940-02-29,1940-02-01/1940-02-29,Microfilm was digitized by Instituto de Historia de Cuba. Physical microfilm is located at Biblioteca Nacional de Cuba José Martí.,44 pages,digitized microfilm,newspapers,spa,ihc_revistactc_194002,Havana (Cuba),Instituto de Historia de Cuba,text,unknown,"http://www.ihc.cu/, webmaster@ihc.cu",individuals,"Peña, Lazaro",Havana (Cuba) -- newspapers|~|Cuba -- Politics and government -- newspapers,https://iiif.library.ucla.edu/ark%3A%2F21198%2Fz19k6zw2/manifest
Work,1940-03 (año 02 | num. 05),ark:/21198/z15t676k,ark:/21198/z1z92136,,open,,https://iiif.library.ucla.edu/iiif/2/ark%3A%2F21198%2Fz1n32jnq,,1904-03-01/1904-03-31,1904-03-01/1904-03-31,Microfilm was digitized by Instituto de Historia de Cuba. Physical microfilm is located at Biblioteca Nacional de Cuba José Martí.,44 pages,digitized microfilm,newspapers,spa,ihc_revistactc_194003,Havana (Cuba),Instituto de Historia de Cuba,text,unknown,"http://www.ihc.cu/, webmaster@ihc.cu",individuals,"Peña, Lazaro",Havana (Cuba) -- newspapers|~|Cuba -- Politics and government -- newspapers,https://iiif.library.ucla.edu/ark%3A%2F21198%2Fz15t676k/manifest
Work,1940-04 (año 02 | num. 06),ark:/21198/z1225gfq,ark:/21198/z1z92136,,open,,https://iiif.library.ucla.edu/iiif/2/ark%3A%2F21198%2Fz1sn2xpg,,1940-04-01/1940-04-30,1940-04-01/1940-04-30,Microfilm was digitized by Instituto de Historia de Cuba. Physical microfilm is located at Biblioteca Nacional de Cuba José Martí.,52 pages,digitized microfilm,newspapers,spa,ihc_revistactc_194004,Havana (Cuba),Instituto de Historia de Cuba,text,unknown,"http://www.ihc.cu/, webmaster@ihc.cu",individuals,"Peña, Lazaro",Havana (Cuba) -- newspapers|~|Cuba -- Politics and government -- newspapers,https://iiif.library.ucla.edu/ark%3A%2F21198%2Fz1225gfq/manifest
Work,1940-05 (año 02 | num. 07),ark:/21198/z1x94zz1,ark:/21198/z1z92136,,open,,https://iiif.library.ucla.edu/iiif/2/ark%3A%2F21198%2Fz1f79179,,1940-05-01/1940-05-31,1940-05-01/1940-05-31,Microfilm was digitized by Instituto de Historia de Cuba. Physical microfilm is located at Biblioteca Nacional de Cuba José Martí.,46 pages,digitized microfilm,newspapers,spa,ihc_revistactc_194005,Havana (Cuba),Instituto de Historia de Cuba,text,unknown,"http://www.ihc.cu/, webmaster@ihc.cu",individuals,"Peña, Lazaro",Havana (Cuba) -- newspapers|~|Cuba -- Politics and government -- newspapers,https://iiif.library.ucla.edu/ark%3A%2F21198%2Fz1x94zz1/manifest
Work,1940-06 (año 02 | num. 08),ark:/21198/z1sj476n,ark:/21198/z1z92136,,open,,https://iiif.library.ucla.edu/iiif/2/ark%3A%2F21198%2Fz1g18ngr,,1940-06-01/1940-06-30,1940-06-01/1940-06-30,Microfilm was digitized by Instituto de Historia de Cuba. Physical microfilm is located at Biblioteca Nacional de Cuba José Martí.,46 pages,digitized microfilm,newspapers,spa,ihc_revistactc_194006,Havana (Cuba),Instituto de Historia de Cuba,text,unknown,"http://www.ihc.cu/, webmaster@ihc.cu",individuals,"Peña, Lazaro",Havana (Cuba) -- newspapers|~|Cuba -- Politics and government -- newspapers,https://iiif.library.ucla.edu/ark%3A%2F21198%2Fz1sj476n/manifest
Work,1940-07 (año 02 | num. 09),ark:/21198/z1ns3gjt,ark:/21198/z1z92136,,open,,https://iiif.library.ucla.edu/iiif/2/ark%3A%2F21198%2Fz1gt88v2,,1940-07-01/1940-07-31,1940-07-01/1940-07-31,Microfilm was digitized by Instituto de Historia de Cuba. Physical microfilm is located at Biblioteca Nacional de Cuba José Martí.,44 pages,digitized microfilm,newspapers,spa,ihc_revistactc_194007,Havana (Cuba),Instituto de Historia de Cuba,text,unknown,"http://www.ihc.cu/, webmaster@ihc.cu",individuals,"Peña, Lazaro",Havana (Cuba) -- newspapers|~|Cuba -- Politics and government -- newspapers,https://iiif.library.ucla.edu/ark%3A%2F21198%2Fz1ns3gjt/manifest
Work,1940-08 (año 02 | num. 10),ark:/21198/z1j12qvv,ark:/21198/z1z92136,,open,,https://iiif.library.ucla.edu/iiif/2/ark%3A%2F21198%2Fz1ng7c9v,,1940-08-01/1940-08-31,1940-08-01/1940-08-31,Microfilm was digitized by Instituto de Historia de Cuba. Physical microfilm is located at Biblioteca Nacional de Cuba José Martí.,44 pages,digitized microfilm,newspapers,spa,ihc_revistactc_194008,Havana (Cuba),Instituto de Historia de Cuba,text,unknown,"http://www.ihc.cu/, webmaster@ihc.cu",individuals,"Peña, Lazaro",Havana (Cuba) -- newspapers|~|Cuba -- Politics and government -- newspapers,https://iiif.library.ucla.edu/ark%3A%2F21198%2Fz1j12qvv/manifest
Work,1940-09 (año 02 | num. 11),ark:/21198/z1dc0phd,ark:/21198/z1z92136,,open,,https://iiif.library.ucla.edu/iiif/2/ark%3A%2F21198%2Fz1t17rcc,,1940-09-01/1940-09-30,1940-09-01/1940-09-30,Microfilm was digitized by Instituto de Historia de Cuba. Physical microfilm is located at Biblioteca Nacional de Cuba José Martí.,44 pages,digitized microfilm,newspapers,spa,ihc_revistactc_194009,Havana (Cuba),Instituto de Historia de Cuba,text,unknown,"http://www.ihc.cu/, webmaster@ihc.cu",individuals,"Peña, Lazaro",Havana (Cuba) -- newspapers|~|Cuba -- Politics and government -- newspapers,https://iiif.library.ucla.edu/ark%3A%2F21198%2Fz1dc0phd/manifest
Work,1940-10 (año 02 | num. 12),ark:/21198/z18k9xrp,ark:/21198/z1z92136,,open,,https://iiif.library.ucla.edu/iiif/2/ark%3A%2F21198%2Fz1zk84c2,,1940-10-01/1940-10-31,1940-10-01/1940-10-31,Microfilm was digitized by Instituto de Historia de Cuba. Physical microfilm is located at Biblioteca Nacional de Cuba José Martí.,44 pages,digitized microfilm,newspapers,spa,ihc_revistactc_194010,Havana (Cuba),Instituto de Historia de Cuba,text,unknown,"http://www.ihc.cu/, webmaster@ihc.cu",individuals,"Peña, Lazaro",Havana (Cuba) -- newspapers|~|Cuba -- Politics and government -- newspapers,https://iiif.library.ucla.edu/ark%3A%2F21198%2Fz18k9xrp/manifest
Work,1940-11 (año 02 | num. 13),ark:/21198/z14t9626,ark:/21198/z1z92136,,open,,https://iiif.library.ucla.edu/iiif/2/ark%3A%2F21198%2Fz1448836,,1940-11-01/1940-11-30,1940-11-01/1940-11-30,Microfilm was digitized by Instituto de Historia de Cuba. Physical microfilm is located at Biblioteca Nacional de Cuba José Martí.,42 pages,digitized microfilm,newspapers,spa,ihc_revistactc_194011,Havana (Cuba),Instituto de Historia de Cuba,text,unknown,"http://www.ihc.cu/, webmaster@ihc.cu",individuals,"Peña, Lazaro",Havana (Cuba) -- newspapers|~|Cuba -- Politics and government -- newspapers,https://iiif.library.ucla.edu/ark%3A%2F21198%2Fz14t9626/manifest
Work,1940-12 (año 02 | num. 14),ark:/21198/z1128f8w,ark:/21198/z1z92136,,open,,https://iiif.library.ucla.edu/iiif/2/ark%3A%2F21198%2Fz1df9cv8,,1940-12-01/1940-12-31,1940-12-01/1940-12-31,Microfilm was digitized by Instituto de Historia de Cuba. Physical microfilm is located at Biblioteca Nacional de Cuba José Martí.,44 pages,digitized microfilm,newspapers,spa,ihc_revistactc_194012,Havana (Cuba),Instituto de Historia de Cuba,text,unknown,"http://www.ihc.cu/, webmaster@ihc.cu",individuals,"Peña, Lazaro",Havana (Cuba) -- newspapers|~|Cuba -- Politics and government -- newspapers,https://iiif.library.ucla.edu/ark%3A%2F21198%2Fz1128f8w/manifest
Work,1942-01 (año 04 | num. 24),ark:/21198/z1w97xs6,ark:/21198/z1z92136,,open,,https://iiif.library.ucla.edu/iiif/2/ark%3A%2F21198%2Fz1k09rz7,,1942-01-01/1942-01-31,1942-01-01/1942-01-31,Microfilm was digitized by Instituto de Historia de Cuba. Physical microfilm is located at Biblioteca Nacional de Cuba José Martí.,20 pages,digitized microfilm,newspapers,spa,ihc_revistactc_194201,Havana (Cuba),Instituto de Historia de Cuba,text,unknown,"http://www.ihc.cu/, webmaster@ihc.cu",individuals,"Peña, Lazaro",Havana (Cuba) -- newspapers|~|Cuba -- Politics and government -- newspapers,https://iiif.library.ucla.edu/ark%3A%2F21198%2Fz1w97xs6/manifest
Work,1942-02 (año 04 | num. 25),ark:/21198/z1rj7645,ark:/21198/z1z92136,,open,,https://iiif.library.ucla.edu/iiif/2/ark%3A%2F21198%2Fz18k9xs4,,1942-02-01/1942-02-28,1942-02-01/1942-02-28,Microfilm was digitized by Instituto de Historia de Cuba. Physical microfilm is located at Biblioteca Nacional de Cuba José Martí.,20 pages,digitized microfilm,newspapers,spa,ihc_revistactc_194202,Havana (Cuba),Instituto de Historia de Cuba,text,unknown,"http://www.ihc.cu/, webmaster@ihc.cu",individuals,"Peña, Lazaro",Havana (Cuba) -- newspapers|~|Cuba -- Politics and government -- newspapers,https://iiif.library.ucla.edu/ark%3A%2F21198%2Fz1rj7645/manifest
Work,1942-03 (año 04 | num. 26),ark:/21198/z1ms6fgb,ark:/21198/z1z92136,,open,,https://iiif.library.ucla.edu/iiif/2/ark%3A%2F21198%2Fz1g47c18,,1942-03-01/1942-03-31,1942-03-01/1942-03-31,Microfilm was digitized by Instituto de Historia de Cuba. Physical microfilm is located at Biblioteca Nacional de Cuba José Martí.,28 pages,digitized microfilm,newspapers,spa,ihc_revistactc_194203,Havana (Cuba),Instituto de Historia de Cuba,text,unknown,"http://www.ihc.cu/, webmaster@ihc.cu",individuals,"Peña, Lazaro",Havana (Cuba) -- newspapers|~|Cuba -- Politics and government -- newspapers,https://iiif.library.ucla.edu/ark%3A%2F21198%2Fz1ms6fgb/manifest
Work,1942-04 (año 04 | num. 27),ark:/21198/z1h44d3r,ark:/21198/z1z92136,,open,,https://iiif.library.ucla.edu/iiif/2/ark%3A%2F21198%2Fz1np4s4h,,1942-04-01/1942-04-30,1942-04-01/1942-04-30,Microfilm was digitized by Instituto de Historia de Cuba. Physical microfilm is located at Biblioteca Nacional de Cuba José Martí.,28 pages,digitized microfilm,newspapers,spa,ihc_revistactc_194204,Havana (Cuba),Instituto de Historia de Cuba,text,unknown,"http://www.ihc.cu/, webmaster@ihc.cu",individuals,"Peña, Lazaro",Havana (Cuba) -- newspapers|~|Cuba -- Politics and government -- newspapers,https://iiif.library.ucla.edu/ark%3A%2F21198%2Fz1h44d3r/manifest
Work,1942-05 (año 04 | num. 28),ark:/21198/z1cc3nc1,ark:/21198/z1z92136,,open,,https://iiif.library.ucla.edu/iiif/2/ark%3A%2F21198%2Fz1v726bs,,1942-05-01/1942-05-31,1942-05-01/1942-05-31,Microfilm was digitized by Instituto de Historia de Cuba. Physical microfilm is located at Biblioteca Nacional de Cuba José Martí.,32 pages,digitized microfilm,newspapers,spa,ihc_revistactc_194205,Havana (Cuba),Instituto de Historia de Cuba,text,unknown,"http://www.ihc.cu/, webmaster@ihc.cu",individuals,"Peña, Lazaro",Havana (Cuba) -- newspapers|~|Cuba -- Politics and government -- newspapers,https://iiif.library.ucla.edu/ark%3A%2F21198%2Fz1cc3nc1/manifest
Work,1942-06 (año 04 | num. 29),ark:/21198/z17m2wmv,ark:/21198/z1z92136,,open,,https://iiif.library.ucla.edu/iiif/2/ark%3A%2F21198%2Fz1s783z8,,1942-06-01/1942-06-30,1942-06-01/1942-06-30,Microfilm was digitized by Instituto de Historia de Cuba. Physical microfilm is located at Biblioteca Nacional de Cuba José Martí.,32 pages,digitized microfilm,newspapers,spa,ihc_revistactc_194206,Havana (Cuba),Instituto de Historia de Cuba,text,unknown,"http://www.ihc.cu/, webmaster@ihc.cu",individuals,"Peña, Lazaro",Havana (Cuba) -- newspapers|~|Cuba -- Politics and government -- newspapers,https://iiif.library.ucla.edu/ark%3A%2F21198%2Fz17m2wmv/manifest
Work,1942-07 (año 04 | num. 30),ark:/21198/z13v24tm,ark:/21198/z1z92136,,open,,https://iiif.library.ucla.edu/iiif/2/ark%3A%2F21198%2Fz1qc2r59,,1942-07-01/1942-07-31,1942-07-01/1942-07-31,Microfilm was digitized by Instituto de Historia de Cuba. Physical microfilm is located at Biblioteca Nacional de Cuba José Martí.,36 pages,digitized microfilm,newspapers,spa,ihc_revistactc_194207,Havana (Cuba),Instituto de Historia de Cuba,text,unknown,"http://www.ihc.cu/, webmaster@ihc.cu",individuals,"Peña, Lazaro",Havana (Cuba) -- newspapers|~|Cuba -- Politics and government -- newspapers,https://iiif.library.ucla.edu/ark%3A%2F21198%2Fz13v24tm/manifest
Work,1942-08 (año 04 | num. 31),ark:/21198/z1031d3m,ark:/21198/z1z92136,,open,,https://iiif.library.ucla.edu/iiif/2/ark%3A%2F21198%2Fz1cv75d1,,1942-08-01/1942-08-31,1942-08-01/1942-08-31,Microfilm was digitized by Instituto de Historia de Cuba. Physical microfilm is located at Biblioteca Nacional de Cuba José Martí.,34 pages,digitized microfilm,newspapers,spa,ihc_revistactc_194208,Havana (Cuba),Instituto de Historia de Cuba,text,unknown,"http://www.ihc.cu/, webmaster@ihc.cu",individuals,"Peña, Lazaro",Havana (Cuba) -- newspapers|~|Cuba -- Politics and government -- newspapers,https://iiif.library.ucla.edu/ark%3A%2F21198%2Fz1031d3m/manifest
Work,1942-09 (año 04 | num. 32),ark:/21198/z1vb0wq8,ark:/21198/z1z92136,,open,,https://iiif.library.ucla.edu/iiif/2/ark%3A%2F21198%2Fz16711x2,,1942-09-01/1942-09-30,1942-09-01/1942-09-30,Microfilm was digitized by Instituto de Historia de Cuba. Physical microfilm is located at Biblioteca Nacional de Cuba José Martí.,40 pages,digitized microfilm,newspapers,spa,ihc_revistactc_194209,Havana (Cuba),Instituto de Historia de Cuba,text,unknown,"http://www.ihc.cu/, webmaster@ihc.cu",individuals,"Peña, Lazaro",Havana (Cuba) -- newspapers|~|Cuba -- Politics and government -- newspapers,https://iiif.library.ucla.edu/ark%3A%2F21198%2Fz1vb0wq8/manifest
Work,1942-10 (año 04 | num. 33),ark:/21198/z1qk04zg,ark:/21198/z1z92136,,open,,https://iiif.library.ucla.edu/iiif/2/ark%3A%2F21198%2Fz1m92x9j,,1942-10-01/1942-10-31,1942-10-01/1942-10-31,Microfilm was digitized by Instituto de Historia de Cuba. Physical microfilm is located at Biblioteca Nacional de Cuba José Martí.,40 pages,digitized microfilm,newspapers,spa,ihc_revistactc_194210,Havana (Cuba),Instituto de Historia de Cuba,text,unknown,"http://www.ihc.cu/, webmaster@ihc.cu",individuals,"Peña, Lazaro",Havana (Cuba) -- newspapers|~|Cuba -- Politics and government -- newspapers,https://iiif.library.ucla.edu/ark%3A%2F21198%2Fz1qk04zg/manifest
Work,1942-11 (año 04 | num. 34),ark:/21198/z1kw83pc,ark:/21198/z1z92136,,open,,https://iiif.library.ucla.edu/iiif/2/ark%3A%2F21198%2Fz11c4jj9,,1942-11-01/1942-11-30,1942-11-01/1942-11-30,Microfilm was digitized by Instituto de Historia de Cuba. Physical microfilm is located at Biblioteca Nacional de Cuba José Martí.,40 pages,digitized microfilm,newspapers,spa,ihc_revistactc_194211,Havana (Cuba),Instituto de Historia de Cuba,text,unknown,"http://www.ihc.cu/, webmaster@ihc.cu",individuals,"Peña, Lazaro",Havana (Cuba) -- newspapers|~|Cuba -- Politics and government -- newspapers,https://iiif.library.ucla.edu/ark%3A%2F21198%2Fz1kw83pc/manifest
Work,1942-12 (año 04 | num. 35),ark:/21198/z1g47c0t,ark:/21198/z1z92136,,open,,https://iiif.library.ucla.edu/iiif/2/ark%3A%2F21198%2Fz1fb7qn7,,1942-12-01/1942-12-31,1942-12-01/1942-12-31,Microfilm was digitized by Instituto de Historia de Cuba. Physical microfilm is located at Biblioteca Nacional de Cuba José Martí.,40 pages,digitized microfilm,newspapers,spa,ihc_revistactc_194212,Havana (Cuba),Instituto de Historia de Cuba,text,unknown,"http://www.ihc.cu/, webmaster@ihc.cu",individuals,"Peña, Lazaro",Havana (Cuba) -- newspapers|~|Cuba -- Politics and government -- newspapers,https://iiif.library.ucla.edu/ark%3A%2F21198%2Fz1g47c0t/manifest
Work,1943-01 (año 05 | num. 36),ark:/21198/z1bc6m66,ark:/21198/z1z92136,,open,,https://iiif.library.ucla.edu/iiif/2/ark%3A%2F21198%2Fz1vd9m4f,,1943-01-01/1943-01-31,1943-01-01/1943-01-31,Microfilm was digitized by Instituto de Historia de Cuba. Physical microfilm is located at Biblioteca Nacional de Cuba José Martí.,52 pages,digitized microfilm,newspapers,spa,ihc_revistactc_194301,Havana (Cuba),Instituto de Historia de Cuba,text,unknown,"http://www.ihc.cu/, webmaster@ihc.cu",individuals,"Peña, Lazaro",Havana (Cuba) -- newspapers|~|Cuba -- Politics and government -- newspapers,https://iiif.library.ucla.edu/ark%3A%2F21198%2Fz1bc6m66/manifest
Work,1943-02 (año 05 | num. 37),ark:/21198/z16m5vf1,ark:/21198/z1z92136,,open,,https://iiif.library.ucla.edu/iiif/2/ark%3A%2F21198%2Fz1h15prx,,1943-02-01/1943-02-28,1943-02-01/1943-02-28,Microfilm was digitized by Instituto de Historia de Cuba. Physical microfilm is located at Biblioteca Nacional de Cuba José Martí.,39 pages,digitized microfilm,newspapers,spa,ihc_revistactc_194302,Havana (Cuba),Instituto de Historia de Cuba,text,unknown,"http://www.ihc.cu/, webmaster@ihc.cu",individuals,"Peña, Lazaro",Havana (Cuba) -- newspapers|~|Cuba -- Politics and government -- newspapers,https://iiif.library.ucla.edu/ark%3A%2F21198%2Fz16m5vf1/manifest
Work,1943-03 (año 05 | num. 38),ark:/21198/z12v53qp,ark:/21198/z1z92136,,open,,https://iiif.library.ucla.edu/iiif/2/ark%3A%2F21198%2Fz1x37k74,,1943-03-01/1943-03-31,1943-03-01/1943-03-31,Microfilm was digitized by Instituto de Historia de Cuba. Physical microfilm is located at Biblioteca Nacional de Cuba José Martí.,40 pages,digitized microfilm,newspapers,spa,ihc_revistactc_194303,Havana (Cuba),Instituto de Historia de Cuba,text,unknown,"http://www.ihc.cu/, webmaster@ihc.cu",individuals,"Peña, Lazaro",Havana (Cuba) -- newspapers|~|Cuba -- Politics and government -- newspapers,https://iiif.library.ucla.edu/ark%3A%2F21198%2Fz12v53qp/manifest
Work,1943-04 (año 05 | num. 39),ark:/21198/z1z34mb2,ark:/21198/z1z92136,,open,,https://iiif.library.ucla.edu/iiif/2/ark%3A%2F21198%2Fz1b596gw,,1943-04-01/1943-04-30,1943-04-01/1943-04-30,Microfilm was digitized by Instituto de Historia de Cuba. Physical microfilm is located at Biblioteca Nacional de Cuba José Martí.,40 pages,digitized microfilm,newspapers,spa,ihc_revistactc_194304,Havana (Cuba),Instituto de Historia de Cuba,text,unknown,"http://www.ihc.cu/, webmaster@ihc.cu",individuals,"Peña, Lazaro",Havana (Cuba) -- newspapers|~|Cuba -- Politics and government -- newspapers,https://iiif.library.ucla.edu/ark%3A%2F21198%2Fz1z34mb2/manifest
Work,1943-05 (año 05 | num. 40),ark:/21198/z1tf2jzr,ark:/21198/z1z92136,,open,,https://iiif.library.ucla.edu/iiif/2/ark%3A%2F21198%2Fz1r81303,,1943-05-01/1943-05-31,1943-05-01/1943-05-31,Microfilm was digitized by Instituto de Historia de Cuba. Physical microfilm is located at Biblioteca Nacional de Cuba José Martí.,40 pages,digitized microfilm,newspapers,spa,ihc_revistactc_194305,Havana (Cuba),Instituto de Historia de Cuba,text,unknown,"http://www.ihc.cu/, webmaster@ihc.cu",individuals,"Peña, Lazaro",Havana (Cuba) -- newspapers|~|Cuba -- Politics and government -- newspapers,https://iiif.library.ucla.edu/ark%3A%2F21198%2Fz1tf2jzr/manifest
Work,"1943-06, 1943-07 (año 05 | num. 41-42)",ark:/21198/z1pp1tbs,ark:/21198/z1z92136,,open,,https://iiif.library.ucla.edu/iiif/2/ark%3A%2F21198%2Fz15b2q61,,1943-06-01/1943-07-31,1943-06-01/1943-07-31,Microfilm was digitized by Instituto de Historia de Cuba. Physical microfilm is located at Biblioteca Nacional de Cuba José Martí.,41 pages,digitized microfilm,newspapers,spa,ihc_revistactc_194306_194307,Havana (Cuba),Instituto de Historia de Cuba,text,unknown,"http://www.ihc.cu/, webmaster@ihc.cu",individuals,"Peña, Lazaro",Havana (Cuba) -- newspapers|~|Cuba -- Politics and government -- newspapers,https://iiif.library.ucla.edu/ark%3A%2F21198%2Fz1pp1tbs/manifest
Work,1943-08 (año 05 | num. 43),ark:/21198/z1jx12mf,ark:/21198/z1z92136,,open,,https://iiif.library.ucla.edu/iiif/2/ark%3A%2F21198%2Fz1fn3txn,,1943-08-01/1943-08-31,1943-08-01/1943-08-31,Microfilm was digitized by Instituto de Historia de Cuba. Physical microfilm is located at Biblioteca Nacional de Cuba José Martí.,50 pages,digitized microfilm,newspapers,spa,ihc_revistactc_194308,Havana (Cuba),Instituto de Historia de Cuba,text,unknown,"http://www.ihc.cu/, webmaster@ihc.cu",individuals,"Peña, Lazaro",Havana (Cuba) -- newspapers|~|Cuba -- Politics and government -- newspapers,https://iiif.library.ucla.edu/ark%3A%2F21198%2Fz1jx12mf/manifest
Work,1943-09 (año 05 | num. 44),ark:/21198/z1f509vk,ark:/21198/z1z92136,,open,,https://iiif.library.ucla.edu/iiif/2/ark%3A%2F21198%2Fz16x1zsb,,1943-09-01/1943-09-30,1943-09-01/1943-09-30,Microfilm was digitized by Instituto de Historia de Cuba. Physical microfilm is located at Biblioteca Nacional de Cuba José Martí.,103 pages,digitized microfilm,newspapers,spa,ihc_revistactc_194309,Havana (Cuba),Instituto de Historia de Cuba,text,unknown,"http://www.ihc.cu/, webmaster@ihc.cu",individuals,"Peña, Lazaro",Havana (Cuba) -- newspapers|~|Cuba -- Politics and government -- newspapers,https://iiif.library.ucla.edu/ark%3A%2F21198%2Fz1f509vk/manifest
Work,"1943-10, 1943-11, 1943-12 (año 05 | num. 45-47)",ark:/21198/z19c9k2t,ark:/21198/z1z92136,,open,,https://iiif.library.ucla.edu/iiif/2/ark%3A%2F21198%2Fz1h44d63,,1943-10-01/1943-12-31,1943-10-01/1943-12-31,Microfilm was digitized by Instituto de Historia de Cuba. Physical microfilm is located at Biblioteca Nacional de Cuba José Martí.,46 pages,digitized microfilm,newspapers,spa,ihc_revistactc_194310_194312,Havana (Cuba),Instituto de Historia de Cuba,text,unknown,"http://www.ihc.cu/, webmaster@ihc.cu",individuals,"Peña, Lazaro",Havana (Cuba) -- newspapers|~|Cuba -- Politics and government -- newspapers,https://iiif.library.ucla.edu/ark%3A%2F21198%2Fz19c9k2t/manifest
Work,"1944-01, 1944-02 (año 05 | num. 48-49)",ark:/21198/z15m8tb3,ark:/21198/z1z92136,,open,,https://iiif.library.ucla.edu/iiif/2/ark%3A%2F21198%2Fz1hx41d5,,1944-01-01/1944-02-29,1944-01-01/1944-02-29,Microfilm was digitized by Instituto de Historia de Cuba. Physical microfilm is located at Biblioteca Nacional de Cuba José Martí.,46 pages,digitized microfilm,newspapers,spa,ihc_revistactc_194401_194402,Havana (Cuba),Instituto de Historia de Cuba,text,unknown,"http://www.ihc.cu/, webmaster@ihc.cu",individuals,"Peña, Lazaro",Havana (Cuba) -- newspapers|~|Cuba -- Politics and government -- newspapers,https://iiif.library.ucla.edu/ark%3A%2F21198%2Fz15m8tb3/manifest
Work,"1944-03, 1944-04, 1944-05 (año 05 | num. 50-52)",ark:/21198/z11v82n6,ark:/21198/z1z92136,,open,,https://iiif.library.ucla.edu/iiif/2/ark%3A%2F21198%2Fz1jt2c47,,1944-03-01/1944-05-31,1944-03-01/1944-05-31,Microfilm was digitized by Instituto de Historia de Cuba. Physical microfilm is located at Biblioteca Nacional de Cuba José Martí.,46 pages,digitized microfilm,newspapers,spa,ihc_revistactc_194403_194405,Havana (Cuba),Instituto de Historia de Cuba,text,unknown,"http://www.ihc.cu/, webmaster@ihc.cu",individuals,"Peña, Lazaro",Havana (Cuba) -- newspapers|~|Cuba -- Politics and government -- newspapers,https://iiif.library.ucla.edu/ark%3A%2F21198%2Fz11v82n6/manifest
Work,"1944-06, 1944-07 (año 05 | num. 52-53)",ark:/21198/z1x668j3,ark:/21198/z1z92136,,open,,https://iiif.library.ucla.edu/iiif/2/ark%3A%2F21198%2Fz1km20kr,"Issue is printed as ""Julio, 1944"" but dated as ""Junio-Julio de 1944"".",1944-06-01/1944-07-31,1944-06-01/1944-07-31,Microfilm was digitized by Instituto de Historia de Cuba. Physical microfilm is located at Biblioteca Nacional de Cuba José Martí.,54 pages,digitized microfilm,newspapers,spa,ihc_revistactc_194406_194407,Havana (Cuba),Instituto de Historia de Cuba,text,unknown,"http://www.ihc.cu/, webmaster@ihc.cu",individuals,"Peña, Lazaro",Havana (Cuba) -- newspapers|~|Cuba -- Politics and government -- newspapers,https://iiif.library.ucla.edu/ark%3A%2F21198%2Fz1x668j3/manifest
Work,1944-08 (año 05 | num. 54),ark:/21198/z1sf5hvt,ark:/21198/z1z92136,,open,,https://iiif.library.ucla.edu/iiif/2/ark%3A%2F21198%2Fz13f7bdg,,1944-08-01/1944-08-31,1944-08-01/1944-08-31,Microfilm was digitized by Instituto de Historia de Cuba. Physical microfilm is located at Biblioteca Nacional de Cuba José Martí.,52 pages,digitized microfilm,newspapers,spa,ihc_revistactc_194408,Havana (Cuba),Instituto de Historia de Cuba,text,unknown,"http://www.ihc.cu/, webmaster@ihc.cu",individuals,"Peña, Lazaro",Havana (Cuba) -- newspapers|~|Cuba -- Politics and government -- newspapers,https://iiif.library.ucla.edu/ark%3A%2F21198%2Fz1sf5hvt/manifest
Work,1944-09 (año 05 | num. 55),ark:/21198/z1np4s32,ark:/21198/z1z92136,,open,,https://iiif.library.ucla.edu/iiif/2/ark%3A%2F21198%2Fz1r23p4m,,1944-09-01/1944-09-30,1944-09-01/1944-09-30,Microfilm was digitized by Instituto de Historia de Cuba. Physical microfilm is located at Biblioteca Nacional de Cuba José Martí.,52 pages,digitized microfilm,newspapers,spa,ihc_revistactc_194409,Havana (Cuba),Instituto de Historia de Cuba,text,unknown,"http://www.ihc.cu/, webmaster@ihc.cu",individuals,"Peña, Lazaro",Havana (Cuba) -- newspapers|~|Cuba -- Politics and government -- newspapers,https://iiif.library.ucla.edu/ark%3A%2F21198%2Fz1np4s32/manifest
Work,1944-10 (año 05 | num. 56),ark:/21198/z1hx41b8,ark:/21198/z1z92136,,open,,https://iiif.library.ucla.edu/iiif/2/ark%3A%2F21198%2Fz1ck127h,,1944-10-01/1944-10-31,1944-10-01/1944-10-31,Microfilm was digitized by Instituto de Historia de Cuba. Physical microfilm is located at Biblioteca Nacional de Cuba José Martí.,56 pages,digitized microfilm,newspapers,spa,ihc_revistactc_194410,Havana (Cuba),Instituto de Historia de Cuba,text,unknown,"http://www.ihc.cu/, webmaster@ihc.cu",individuals,"Peña, Lazaro",Havana (Cuba) -- newspapers|~|Cuba -- Politics and government -- newspapers,https://iiif.library.ucla.edu/ark%3A%2F21198%2Fz1hx41b8/manifest
Work,1944-11 (año 05 | num. 57),ark:/21198/z1d538jz,ark:/21198/z1z92136,,open,,https://iiif.library.ucla.edu/iiif/2/ark%3A%2F21198%2Fz1rn5wkj,,1944-11-01/1944-11-30,1944-11-01/1944-11-30,Microfilm was digitized by Instituto de Historia de Cuba. Physical microfilm is located at Biblioteca Nacional de Cuba José Martí.,54 pages,digitized microfilm,newspapers,spa,ihc_revistactc_194411,Havana (Cuba),Instituto de Historia de Cuba,text,unknown,"http://www.ihc.cu/, webmaster@ihc.cu",individuals,"Peña, Lazaro",Havana (Cuba) -- newspapers|~|Cuba -- Politics and government -- newspapers,https://iiif.library.ucla.edu/ark%3A%2F21198%2Fz1d538jz/manifest
Work,1944-12 (año 05 | num. 58),ark:/21198/z18d2hvp,ark:/21198/z1z92136,,open,,https://iiif.library.ucla.edu/iiif/2/ark%3A%2F21198%2Fz18h17g3,,1944-12-01/1944-12-31,1944-12-01/1944-12-31,Microfilm was digitized by Instituto de Historia de Cuba. Physical microfilm is located at Biblioteca Nacional de Cuba José Martí.,52 pages,digitized microfilm,newspapers,spa,ihc_revistactc_194412,Havana (Cuba),Instituto de Historia de Cuba,text,unknown,"http://www.ihc.cu/, webmaster@ihc.cu",individuals,"Peña, Lazaro",Havana (Cuba) -- newspapers|~|Cuba -- Politics and government -- newspapers,https://iiif.library.ucla.edu/ark%3A%2F21198%2Fz18d2hvp/manifest
Work,1945-01 (año 06 | num. 59),ark:/21198/z14n1s7q,ark:/21198/z1z92136,,open,,https://iiif.library.ucla.edu/iiif/2/ark%3A%2F21198%2Fz1x37k8k,,1945-01-01/1945-01-31,1945-01-01/1945-01-31,Microfilm was digitized by Instituto de Historia de Cuba. Physical microfilm is located at Biblioteca Nacional de Cuba José Martí.,56 pages,digitized microfilm,newspapers,spa,ihc_revistactc_194501,Havana (Cuba),Instituto de Historia de Cuba,text,unknown,"http://www.ihc.cu/, webmaster@ihc.cu",individuals,"Peña, Lazaro",Havana (Cuba) -- newspapers|~|Cuba -- Politics and government -- newspapers,https://iiif.library.ucla.edu/ark%3A%2F21198%2Fz14n1s7q/manifest
Work,1945-02 (año 06 | num. 60),ark:/21198/z10z9qxr,ark:/21198/z1z92136,,open,,https://iiif.library.ucla.edu/iiif/2/ark%3A%2F21198%2Fz196259m,,1945-02-01/1945-02-28,1945-02-01/1945-02-28,Microfilm was digitized by Instituto de Historia de Cuba. Physical microfilm is located at Biblioteca Nacional de Cuba José Martí.,53 pages,digitized microfilm,newspapers,spa,ihc_revistactc_194502,Havana (Cuba),Instituto de Historia de Cuba,text,unknown,"http://www.ihc.cu/, webmaster@ihc.cu",individuals,"Peña, Lazaro",Havana (Cuba) -- newspapers|~|Cuba -- Politics and government -- newspapers,https://iiif.library.ucla.edu/ark%3A%2F21198%2Fz10z9qxr/manifest
Work,1945-03 (año 06 | num. 61),ark:/21198/z1w697f5,ark:/21198/z1z92136,,open,,https://iiif.library.ucla.edu/iiif/2/ark%3A%2F21198%2Fz1t17rf8,,1945-03-01/1945-03-31,1945-03-01/1945-03-31,Microfilm was digitized by Instituto de Historia de Cuba. Physical microfilm is located at Biblioteca Nacional de Cuba José Martí.,54 pages,digitized microfilm,newspapers,spa,ihc_revistactc_194503,Havana (Cuba),Instituto de Historia de Cuba,text,unknown,"http://www.ihc.cu/, webmaster@ihc.cu",individuals,"Peña, Lazaro",Havana (Cuba) -- newspapers|~|Cuba -- Politics and government -- newspapers,https://iiif.library.ucla.edu/ark%3A%2F21198%2Fz1w697f5/manifest
Work,1945-04 (año 06 | num. 62),ark:/21198/z1rf8gqf,ark:/21198/z1z92136,,open,,https://iiif.library.ucla.edu/iiif/2/ark%3A%2F21198%2Fz19w3392,,1945-04-01/1945-04-30,1945-04-01/1945-04-30,Microfilm was digitized by Instituto de Historia de Cuba. Physical microfilm is located at Biblioteca Nacional de Cuba José Martí.,63 pages,digitized microfilm,newspapers,spa,ihc_revistactc_194504,Havana (Cuba),Instituto de Historia de Cuba,text,unknown,"http://www.ihc.cu/, webmaster@ihc.cu",individuals,"Peña, Lazaro",Havana (Cuba) -- newspapers|~|Cuba -- Politics and government -- newspapers,https://iiif.library.ucla.edu/ark%3A%2F21198%2Fz1rf8gqf/manifest
Work,1945-05 (año 06 | num. 63),ark:/21198/z1mp7qxt,ark:/21198/z1z92136,,open,,https://iiif.library.ucla.edu/iiif/2/ark%3A%2F21198%2Fz19s4cs0,,1945-05-01/1945-05-31,1945-05-01/1945-05-31,Microfilm was digitized by Instituto de Historia de Cuba. Physical microfilm is located at Biblioteca Nacional de Cuba José Martí.,52 pages,digitized microfilm,newspapers,spa,ihc_revistactc_194505,Havana (Cuba),Instituto de Historia de Cuba,text,unknown,"http://www.ihc.cu/, webmaster@ihc.cu",individuals,"Peña, Lazaro",Havana (Cuba) -- newspapers|~|Cuba -- Politics and government -- newspapers,https://iiif.library.ucla.edu/ark%3A%2F21198%2Fz1mp7qxt/manifest
Work,1945-06 (año 06 | num. 64),ark:/21198/z1gx705f,ark:/21198/z1z92136,,open,,https://iiif.library.ucla.edu/iiif/2/ark%3A%2F21198%2Fz1z9216j,,1945-06-01/1945-06-30,1945-06-01/1945-06-30,Microfilm was digitized by Instituto de Historia de Cuba. Physical microfilm is located at Biblioteca Nacional de Cuba José Martí.,54 pages,digitized microfilm,newspapers,spa,ihc_revistactc_194506,Havana (Cuba),Instituto de Historia de Cuba,text,unknown,"http://www.ihc.cu/, webmaster@ihc.cu",individuals,"Peña, Lazaro",Havana (Cuba) -- newspapers|~|Cuba -- Politics and government -- newspapers,https://iiif.library.ucla.edu/ark%3A%2F21198%2Fz1gx705f/manifest
Work,1945-07 (año 06 | num. 65),ark:/21198/z1c567f1,ark:/21198/z1z92136,,open,,https://iiif.library.ucla.edu/iiif/2/ark%3A%2F21198%2Fz1g47c35,,1945-07-01/1945-07-31,1945-07-01/1945-07-31,Microfilm was digitized by Instituto de Historia de Cuba. Physical microfilm is located at Biblioteca Nacional de Cuba José Martí.,58 pages,digitized microfilm,newspapers,spa,ihc_revistactc_194507,Havana (Cuba),Instituto de Historia de Cuba,text,unknown,"http://www.ihc.cu/, webmaster@ihc.cu",individuals,"Peña, Lazaro",Havana (Cuba) -- newspapers|~|Cuba -- Politics and government -- newspapers,https://iiif.library.ucla.edu/ark%3A%2F21198%2Fz1c567f1/manifest
Work,1945-08 (año 06 | num. 66),ark:/21198/z17d5gtn,ark:/21198/z1z92136,,open,,https://iiif.library.ucla.edu/iiif/2/ark%3A%2F21198%2Fz1qg1fpz,,1945-08-01/1945-08-31,1945-08-01/1945-08-31,Microfilm was digitized by Instituto de Historia de Cuba. Physical microfilm is located at Biblioteca Nacional de Cuba José Martí.,60 pages,digitized microfilm,newspapers,spa,ihc_revistactc_194508,Havana (Cuba),Instituto de Historia de Cuba,text,unknown,"http://www.ihc.cu/, webmaster@ihc.cu",individuals,"Peña, Lazaro",Havana (Cuba) -- newspapers|~|Cuba -- Politics and government -- newspapers,https://iiif.library.ucla.edu/ark%3A%2F21198%2Fz17d5gtn/manifest
Work,1945-09 (año 06 | num. 67),ark:/21198/z13r3fhn,ark:/21198/z1z92136,,open,,https://iiif.library.ucla.edu/iiif/2/ark%3A%2F21198%2Fz1qc2r8n,,1945-09-01/1945-09-30,1945-09-01/1945-09-30,Microfilm was digitized by Instituto de Historia de Cuba. Physical microfilm is located at Biblioteca Nacional de Cuba José Martí.,59 pages,digitized microfilm,newspapers,spa,ihc_revistactc_194509,Havana (Cuba),Instituto de Historia de Cuba,text,unknown,"http://www.ihc.cu/, webmaster@ihc.cu",individuals,"Peña, Lazaro",Havana (Cuba) -- newspapers|~|Cuba -- Politics and government -- newspapers,https://iiif.library.ucla.edu/ark%3A%2F21198%2Fz13r3fhn/manifest
Work,1945-10 (año 06 | num. 68),ark:/21198/z1002ptp,ark:/21198/z1z92136,,open,,https://iiif.library.ucla.edu/iiif/2/ark%3A%2F21198%2Fz1tx636v,,1945-10-01/1945-10-31,1945-10-01/1945-10-31,Microfilm was digitized by Instituto de Historia de Cuba. Physical microfilm is located at Biblioteca Nacional de Cuba José Martí.,54 pages,digitized microfilm,newspapers,spa,ihc_revistactc_194510,Havana (Cuba),Instituto de Historia de Cuba,text,unknown,"http://www.ihc.cu/, webmaster@ihc.cu",individuals,"Peña, Lazaro",Havana (Cuba) -- newspapers|~|Cuba -- Politics and government -- newspapers,https://iiif.library.ucla.edu/ark%3A%2F21198%2Fz1002ptp/manifest
Work,1945-11 (año 06 | num. 69),ark:/21198/z1v7269b,ark:/21198/z1z92136,,open,,https://iiif.library.ucla.edu/iiif/2/ark%3A%2F21198%2Fz1bs1dzt,,1945-11-01/1945-11-30,1945-11-01/1945-11-30,Microfilm was digitized by Instituto de Historia de Cuba. Physical microfilm is located at Biblioteca Nacional de Cuba José Martí.,60 pages,digitized microfilm,newspapers,spa,ihc_revistactc_194511,Havana (Cuba),Instituto de Historia de Cuba,text,unknown,"http://www.ihc.cu/, webmaster@ihc.cu",individuals,"Peña, Lazaro",Havana (Cuba) -- newspapers|~|Cuba -- Politics and government -- newspapers,https://iiif.library.ucla.edu/ark%3A%2F21198%2Fz1v7269b/manifest
Work,1945-12 (año 06 | num. 70),ark:/21198/z1qg1fj5,ark:/21198/z1z92136,,open,,https://iiif.library.ucla.edu/iiif/2/ark%3A%2F21198%2Fz1gf3g9p,,1945-12-01/1945-12-31,1945-12-01/1945-12-31,Microfilm was digitized by Instituto de Historia de Cuba. Physical microfilm is located at Biblioteca Nacional de Cuba José Martí.,52 pages,digitized microfilm,newspapers,spa,ihc_revistactc_194512,Havana (Cuba),Instituto de Historia de Cuba,text,unknown,"http://www.ihc.cu/, webmaster@ihc.cu",individuals,"Peña, Lazaro",Havana (Cuba) -- newspapers|~|Cuba -- Politics and government -- newspapers,https://iiif.library.ucla.edu/ark%3A%2F21198%2Fz1qg1fj5/manifest
Work,1946-01 (año 07 | num. 71),ark:/21198/z1kq0prj,ark:/21198/z1z92136,,open,,https://iiif.library.ucla.edu/iiif/2/ark%3A%2F21198%2Fz10603sh,,1946-01-01/1946-01-31,1946-01-01/1946-01-31,Microfilm was digitized by Instituto de Historia de Cuba. Physical microfilm is located at Biblioteca Nacional de Cuba José Martí.,52 pages,digitized microfilm,newspapers,spa,ihc_revistactc_194601,Havana (Cuba),Instituto de Historia de Cuba,text,unknown,"http://www.ihc.cu/, webmaster@ihc.cu",individuals,"Peña, Lazaro",Havana (Cuba) -- newspapers|~|Cuba -- Politics and government -- newspapers,https://iiif.library.ucla.edu/ark%3A%2F21198%2Fz1kq0prj/manifest
Work,"1946-02, 1946-03 (año 07 | num. 72-73)",ark:/21198/z1fx9z3k,ark:/21198/z1z92136,,open,,https://iiif.library.ucla.edu/iiif/2/ark%3A%2F21198%2Fz1h15pv8,,1946-02-01/1946-03-31,1946-02-01/1946-03-31,Microfilm was digitized by Instituto de Historia de Cuba. Physical microfilm is located at Biblioteca Nacional de Cuba José Martí.,56 pages,digitized microfilm,newspapers,spa,ihc_revistactc_194602_194603,Havana (Cuba),Instituto de Historia de Cuba,text,unknown,"http://www.ihc.cu/, webmaster@ihc.cu",individuals,"Peña, Lazaro",Havana (Cuba) -- newspapers|~|Cuba -- Politics and government -- newspapers,https://iiif.library.ucla.edu/ark%3A%2F21198%2Fz1fx9z3k/manifest
Work,1946-04 (año 07 | num. 74),ark:/21198/z1b596d0,ark:/21198/z1z92136,,open,,https://iiif.library.ucla.edu/iiif/2/ark%3A%2F21198%2Fz1w40j56,,1946-04-01/1946-04-30,1946-04-01/1946-04-30,Microfilm was digitized by Instituto de Historia de Cuba. Physical microfilm is located at Biblioteca Nacional de Cuba José Martí.,59 pages,digitized microfilm,newspapers,spa,ihc_revistactc_194604,Havana (Cuba),Instituto de Historia de Cuba,text,unknown,"http://www.ihc.cu/, webmaster@ihc.cu",individuals,"Peña, Lazaro",Havana (Cuba) -- newspapers|~|Cuba -- Politics and government -- newspapers,https://iiif.library.ucla.edu/ark%3A%2F21198%2Fz1b596d0/manifest
Work,1946-05 (año 07 | num. 75),ark:/21198/z16h752j,ark:/21198/z1z92136,,open,,https://iiif.library.ucla.edu/iiif/2/ark%3A%2F21198%2Fz10s2b89,,1946-05-01/1946-05-31,1946-05-01/1946-05-31,Microfilm was digitized by Instituto de Historia de Cuba. Physical microfilm is located at Biblioteca Nacional de Cuba José Martí.,52 pages,digitized microfilm,newspapers,spa,ihc_revistactc_194605,Havana (Cuba),Instituto de Historia de Cuba,text,unknown,"http://www.ihc.cu/, webmaster@ihc.cu",individuals,"Peña, Lazaro",Havana (Cuba) -- newspapers|~|Cuba -- Politics and government -- newspapers,https://iiif.library.ucla.edu/ark%3A%2F21198%2Fz16h752j/manifest
Work,1946-06 (año 07 | num. 76),ark:/21198/z12r6dc8,ark:/21198/z1z92136,,open,,https://iiif.library.ucla.edu/iiif/2/ark%3A%2F21198%2Fz1hm7x9m,,1946-06-01/1946-06-30,1946-06-01/1946-06-30,Microfilm was digitized by Instituto de Historia de Cuba. Physical microfilm is located at Biblioteca Nacional de Cuba José Martí.,53 pages,digitized microfilm,newspapers,spa,ihc_revistactc_194606,Havana (Cuba),Instituto de Historia de Cuba,text,unknown,"http://www.ihc.cu/, webmaster@ihc.cu",individuals,"Peña, Lazaro",Havana (Cuba) -- newspapers|~|Cuba -- Politics and government -- newspapers,https://iiif.library.ucla.edu/ark%3A%2F21198%2Fz12r6dc8/manifest
Work,1946-07 (año 07 | num. 77),ark:/21198/z1z05wt0,ark:/21198/z1z92136,,open,,https://iiif.library.ucla.edu/iiif/2/ark%3A%2F21198%2Fz11g382c,,1946-07-01/1946-07-31,1946-07-01/1946-07-31,Microfilm was digitized by Instituto de Historia de Cuba. Physical microfilm is located at Biblioteca Nacional de Cuba José Martí.,62 pages,digitized microfilm,newspapers,spa,ihc_revistactc_194607,Havana (Cuba),Instituto de Historia de Cuba,text,unknown,"http://www.ihc.cu/, webmaster@ihc.cu",individuals,"Peña, Lazaro",Havana (Cuba) -- newspapers|~|Cuba -- Politics and government -- newspapers,https://iiif.library.ucla.edu/ark%3A%2F21198%2Fz1z05wt0/manifest
Work,1946-08 (año 07 | num. 78),ark:/21198/z1t75532,ark:/21198/z1z92136,,open,,https://iiif.library.ucla.edu/iiif/2/ark%3A%2F21198%2Fz1wh5bvc,,1946-08-01/1946-09-30,1946-08-01/1946-09-30,Microfilm was digitized by Instituto de Historia de Cuba. Physical microfilm is located at Biblioteca Nacional de Cuba José Martí.,62 pages,digitized microfilm,newspapers,spa,ihc_revistactc_194608,Havana (Cuba),Instituto de Historia de Cuba,text,unknown,"http://www.ihc.cu/, webmaster@ihc.cu",individuals,"Peña, Lazaro",Havana (Cuba) -- newspapers|~|Cuba -- Politics and government -- newspapers,https://iiif.library.ucla.edu/ark%3A%2F21198%2Fz1t75532/manifest
Work,"1946-09, 1946-10 (año 07 | num. 78-79)",ark:/21198/z1pg4d9f,ark:/21198/z1z92136,,open,,https://iiif.library.ucla.edu/iiif/2/ark%3A%2F21198%2Fz1wd6ndm,,1946-09-01/1946-09-30,1946-09-01/1946-09-30,Microfilm was digitized by Instituto de Historia de Cuba. Physical microfilm is located at Biblioteca Nacional de Cuba José Martí.,60 pages,digitized microfilm,newspapers,spa,ihc_revistactc_194609_194610,Havana (Cuba),Instituto de Historia de Cuba,text,unknown,"http://www.ihc.cu/, webmaster@ihc.cu",individuals,"Peña, Lazaro",Havana (Cuba) -- newspapers|~|Cuba -- Politics and government -- newspapers,https://iiif.library.ucla.edu/ark%3A%2F21198%2Fz1pg4d9f/manifest
Work,"1946-11, 1946-12 (año 07 | num. 80-81)",ark:/21198/z1jq3nm5,ark:/21198/z1z92136,,open,,https://iiif.library.ucla.edu/iiif/2/ark%3A%2F21198%2Fz10z9r3d,,1946-11-01/1946-12-31,1946-11-01/1946-12-31,Microfilm was digitized by Instituto de Historia de Cuba. Physical microfilm is located at Biblioteca Nacional de Cuba José Martí.,60 pages,digitized microfilm,newspapers,spa,ihc_revistactc_194611_194612,Havana (Cuba),Instituto de Historia de Cuba,text,unknown,"http://www.ihc.cu/, webmaster@ihc.cu",individuals,"Peña, Lazaro",Havana (Cuba) -- newspapers|~|Cuba -- Politics and government -- newspapers,https://iiif.library.ucla.edu/ark%3A%2F21198%2Fz1jq3nm5/manifest
Work,1947-01 (año 08 | num. 82),ark:/21198/z1dz2x06,ark:/21198/z1z92136,,open,,https://iiif.library.ucla.edu/iiif/2/ark%3A%2F21198%2Fz10w11mq,,1947-01-01/1947-01-31,1947-01-01/1947-01-31,Microfilm was digitized by Instituto de Historia de Cuba. Physical microfilm is located at Biblioteca Nacional de Cuba José Martí.,58 pages,digitized microfilm,newspapers,spa,ihc_revistactc_194701,Havana (Cuba),Instituto de Historia de Cuba,text,unknown,"http://www.ihc.cu/, webmaster@ihc.cu",individuals,"Peña, Lazaro",Havana (Cuba) -- newspapers|~|Cuba -- Politics and government -- newspapers,https://iiif.library.ucla.edu/ark%3A%2F21198%2Fz1dz2x06/manifest
Work,1947-02 (año 08 | num. 83),ark:/21198/z1990vnn,ark:/21198/z1z92136,,open,,https://iiif.library.ucla.edu/iiif/2/ark%3A%2F21198%2Fz14f4chd,,1947-02-01/1947-02-28,1947-02-01/1947-02-28,Microfilm was digitized by Instituto de Historia de Cuba. Physical microfilm is located at Biblioteca Nacional de Cuba José Martí.,61 pages,digitized microfilm,newspapers,spa,ihc_revistactc_194702,Havana (Cuba),Instituto de Historia de Cuba,text,unknown,"http://www.ihc.cu/, webmaster@ihc.cu",individuals,"Peña, Lazaro",Havana (Cuba) -- newspapers|~|Cuba -- Politics and government -- newspapers,https://iiif.library.ucla.edu/ark%3A%2F21198%2Fz1990vnn/manifest
Work,1947-03 (año 08 | num. 84),ark:/21198/z15j03x9,ark:/21198/z1z92136,,open,,https://iiif.library.ucla.edu/iiif/2/ark%3A%2F21198%2Fz1476zr8,,1947-03-01/1947-03-31,1947-03-01/1947-03-31,Microfilm was digitized by Instituto de Historia de Cuba. Physical microfilm is located at Biblioteca Nacional de Cuba José Martí.,64 pages,digitized microfilm,newspapers,spa,ihc_revistactc_194703,Havana (Cuba),Instituto de Historia de Cuba,text,unknown,"http://www.ihc.cu/, webmaster@ihc.cu",individuals,"Peña, Lazaro",Havana (Cuba) -- newspapers|~|Cuba -- Politics and government -- newspapers,https://iiif.library.ucla.edu/ark%3A%2F21198%2Fz15j03x9/manifest
Work,1947-04 (año 08 | num. 85),ark:/21198/z11r9c6f,ark:/21198/z1z92136,,open,,https://iiif.library.ucla.edu/iiif/2/ark%3A%2F21198%2Fz1vm7138,,1947-04-01/1947-04-30,1947-04-01/1947-04-30,Microfilm was digitized by Instituto de Historia de Cuba. Physical microfilm is located at Biblioteca Nacional de Cuba José Martí.,60 pages,digitized microfilm,newspapers,spa,ihc_revistactc_194704,Havana (Cuba),Instituto de Historia de Cuba,text,unknown,"http://www.ihc.cu/, webmaster@ihc.cu",individuals,"Peña, Lazaro",Havana (Cuba) -- newspapers|~|Cuba -- Politics and government -- newspapers,https://iiif.library.ucla.edu/ark%3A%2F21198%2Fz11r9c6f/manifest
Work,1947-05 (año 08 | num. 86),ark:/21198/z1x08vpm,ark:/21198/z1z92136,,open,,https://iiif.library.ucla.edu/iiif/2/ark%3A%2F21198%2Fz1vh89rf,,1947-05-01/1947-05-31,1947-05-01/1947-05-31,Microfilm was digitized by Instituto de Historia de Cuba. Physical microfilm is located at Biblioteca Nacional de Cuba José Martí.,59 pages,digitized microfilm,newspapers,spa,ihc_revistactc_194705,Havana (Cuba),Instituto de Historia de Cuba,text,unknown,"http://www.ihc.cu/, webmaster@ihc.cu",individuals,"Peña, Lazaro",Havana (Cuba) -- newspapers|~|Cuba -- Politics and government -- newspapers,https://iiif.library.ucla.edu/ark%3A%2F21198%2Fz1x08vpm/manifest
Work,1947-06 (año 08 | num. 87),ark:/21198/z1s783xt,ark:/21198/z1z92136,,open,,https://iiif.library.ucla.edu/iiif/2/ark%3A%2F21198%2Fz1031dbr,,1947-06-01/1947-06-30,1947-06-01/1947-06-30,Microfilm was digitized by Instituto de Historia de Cuba. Physical microfilm is located at Biblioteca Nacional de Cuba José Martí.,60 pages,digitized microfilm,newspapers,spa,ihc_revistactc_194706,Havana (Cuba),Instituto de Historia de Cuba,text,unknown,"http://www.ihc.cu/, webmaster@ihc.cu",individuals,"Peña, Lazaro",Havana (Cuba) -- newspapers|~|Cuba -- Politics and government -- newspapers,https://iiif.library.ucla.edu/ark%3A%2F21198%2Fz1s783xt/manifest
Work,1947-07 (año 08 | num. 88),ark:/21198/z1ng7c8d,ark:/21198/z1z92136,,open,,https://iiif.library.ucla.edu/iiif/2/ark%3A%2F21198%2Fz13n4r8k,,1947-07-01/1947-07-31,1947-07-01/1947-07-31,Microfilm was digitized by Instituto de Historia de Cuba. Physical microfilm is located at Biblioteca Nacional de Cuba José Martí.,60 pages,digitized microfilm,newspapers,spa,ihc_revistactc_194707,Havana (Cuba),Instituto de Historia de Cuba,text,unknown,"http://www.ihc.cu/, webmaster@ihc.cu",individuals,"Peña, Lazaro",Havana (Cuba) -- newspapers|~|Cuba -- Politics and government -- newspapers,https://iiif.library.ucla.edu/ark%3A%2F21198%2Fz1ng7c8d/manifest
Work,"1947-08, 1947-09 (año 08 | num. 89-90)",ark:/21198/z1hq6mmk,ark:/21198/z1z92136,,open,,https://iiif.library.ucla.edu/iiif/2/ark%3A%2F21198%2Fz13j61v7,,1947-08-01/1947-09-30,1947-08-01/1947-09-30,Microfilm was digitized by Instituto de Historia de Cuba. Physical microfilm is located at Biblioteca Nacional de Cuba José Martí.,61 pages,digitized microfilm,newspapers,spa,ihc_revistactc_194708_194709,Havana (Cuba),Instituto de Historia de Cuba,text,unknown,"http://www.ihc.cu/, webmaster@ihc.cu",individuals,"Peña, Lazaro",Havana (Cuba) -- newspapers|~|Cuba -- Politics and government -- newspapers,https://iiif.library.ucla.edu/ark%3A%2F21198%2Fz1hq6mmk/manifest
Work,1947-10 (año 08 | num. 91),ark:/21198/z1d24k8f,ark:/21198/z1z92136,,open,,https://iiif.library.ucla.edu/iiif/2/ark%3A%2F21198%2Fz13b8n1m,,1947-10-01/1947-10-31,1947-10-01/1947-10-31,Microfilm was digitized by Instituto de Historia de Cuba. Physical microfilm is located at Biblioteca Nacional de Cuba José Martí.,60 pages,digitized microfilm,newspapers,spa,ihc_revistactc_194710,Havana (Cuba),Instituto de Historia de Cuba,text,unknown,"http://www.ihc.cu/, webmaster@ihc.cu",individuals,"Peña, Lazaro",Havana (Cuba) -- newspapers|~|Cuba -- Politics and government -- newspapers,https://iiif.library.ucla.edu/ark%3A%2F21198%2Fz1d24k8f/manifest
Work,1947-11 (año 08 | num. 92),ark:/21198/z1893tk5,ark:/21198/z1z92136,,open,,https://iiif.library.ucla.edu/iiif/2/ark%3A%2F21198%2Fz1379xkf,,1947-11-01/1947-11-30,1947-11-01/1947-11-30,Microfilm was digitized by Instituto de Historia de Cuba. Physical microfilm is located at Biblioteca Nacional de Cuba José Martí.,55 pages,digitized microfilm,newspapers,spa,ihc_revistactc_194711,Havana (Cuba),Instituto de Historia de Cuba,text,unknown,"http://www.ihc.cu/, webmaster@ihc.cu",individuals,"Peña, Lazaro",Havana (Cuba) -- newspapers|~|Cuba -- Politics and government -- newspapers,https://iiif.library.ucla.edu/ark%3A%2F21198%2Fz1893tk5/manifest