Object Type,Title,Item ARK,Parent ARK,File Name,Item Sequence,Visibility,Local identifier,Thumbnail,AltTitle.other,collection.physical,Contents note,Date.created,Date.normalized,Format.dimensions,Format.extent,Format.medium,Genre,Language,Name.creator,Name.subject,Note,Place of origin,Publisher.publisherName,Repository,Type.typeOfResource,Rights.copyrightStatus,Rights.rightsHolderContact,viewingHint,Name.director,Name.editor,Subject,IIIF Manifest URL
Work,1955-02-27 (vol. 01 | no. 01),ark:/21198/z18m03tk,ark:/21198/z1dc0vmt,,,open,ihc_respuestas_19550227,https://iiif.library.ucla.edu/iiif/2/ark%3A%2F21198%2Fz14f4jd4,,,,27 de febrero de 1955|~|1955-02-27,1955-02-27,,6 pages,digitized microfilm,newspapers,spa,,,,Havana (Cuba),,Instituto de Historia de Cuba,text,unknown,"http://www.ihc.cu/, webmaster@ihc.cu",paged,,Departamento de Prensa del C.N. Del P.S.P,Cuba -- Politics and government -- 1933-1959|~|Cuba -- Social life and customs|~|Cuba -- Periodicals,https://iiif.library.ucla.edu/ark%3A%2F21198%2Fz18m03tk/manifest
Work,1955-03-02 (vol. 01 | no. 02),ark:/21198/z14t9c45,ark:/21198/z1dc0vmt,,,open,ihc_respuestas_19550302,https://iiif.library.ucla.edu/iiif/2/ark%3A%2F21198%2Fz1bw09b5,,,,2 de marzo de 1955|~|1955-03-02,1955-03-02,,6 pages,digitized microfilm,newspapers,spa,,,,Havana (Cuba),,Instituto de Historia de Cuba,text,unknown,"http://www.ihc.cu/, webmaster@ihc.cu",paged,,Departamento de Prensa del C.N. Del P.S.P,Cuba -- Politics and government -- 1933-1959|~|Cuba -- Social life and customs|~|Cuba -- Periodicals,https://iiif.library.ucla.edu/ark%3A%2F21198%2Fz14t9c45/manifest
Work,1955-03-09 (vol. 01 | no. 03),ark:/21198/z1128mc9,ark:/21198/z1dc0vmt,,,open,ihc_respuestas_19550309,https://iiif.library.ucla.edu/iiif/2/ark%3A%2F21198%2Fz1kd4rnf,,,,9 de marzo de 1955|~|1955-03-09,1955-03-09,,6 pages,digitized microfilm,newspapers,spa,,,,Havana (Cuba),,Instituto de Historia de Cuba,text,unknown,"http://www.ihc.cu/, webmaster@ihc.cu",paged,,Departamento de Prensa del C.N. Del P.S.P,Cuba -- Politics and government -- 1933-1959|~|Cuba -- Social life and customs|~|Cuba -- Periodicals,https://iiif.library.ucla.edu/ark%3A%2F21198%2Fz1128mc9/manifest
Work,1955-03-16 (vol. 01 | no. 04),ark:/21198/z1w983xf,ark:/21198/z1dc0vmt,,,open,ihc_respuestas_19550316,https://iiif.library.ucla.edu/iiif/2/ark%3A%2F21198%2Fz1sx96xb,,,,16 de marzo de 1955|~|1955-03-16,1955-03-16,,8 pages,digitized microfilm,newspapers,spa,,,,Havana (Cuba),,Instituto de Historia de Cuba,text,unknown,"http://www.ihc.cu/, webmaster@ihc.cu",paged,,Departamento de Prensa del C.N. Del P.S.P,Cuba -- Politics and government -- 1933-1959|~|Cuba -- Social life and customs|~|Cuba -- Periodicals,https://iiif.library.ucla.edu/ark%3A%2F21198%2Fz1w983xf/manifest
Work,1955-03-23 (vol. 01 | no. 05),ark:/21198/z1rn62jj,ark:/21198/z1dc0vmt,,,open,ihc_respuestas_19550323,https://iiif.library.ucla.edu/iiif/2/ark%3A%2F21198%2Fz1rz25sh,,,,23 de marzo de 1955|~|1955-03-23,1955-03-23,,8 pages,digitized microfilm,newspapers,spa,,,,Havana (Cuba),,Instituto de Historia de Cuba,text,unknown,"http://www.ihc.cu/, webmaster@ihc.cu",paged,,Departamento de Prensa del C.N. Del P.S.P,Cuba -- Politics and government -- 1933-1959|~|Cuba -- Social life and customs|~|Cuba -- Periodicals,https://iiif.library.ucla.edu/ark%3A%2F21198%2Fz1rn62jj/manifest
Work,1955-03-30 (vol. 01 | no. 06),ark:/21198/z1mw59v8,ark:/21198/z1dc0vmt,,,open,ihc_respuestas_19550330,https://iiif.library.ucla.edu/iiif/2/ark%3A%2F21198%2Fz1r23v37,,,,30 de marzo de 1955|~|1955-03-30,1955-03-30,,10 pages,digitized microfilm,newspapers,spa,,,,Havana (Cuba),,Instituto de Historia de Cuba,text,unknown,"http://www.ihc.cu/, webmaster@ihc.cu",paged,,Departamento de Prensa del C.N. Del P.S.P,Cuba -- Politics and government -- 1933-1959|~|Cuba -- Social life and customs|~|Cuba -- Periodicals,https://iiif.library.ucla.edu/ark%3A%2F21198%2Fz1mw59v8/manifest
Work,1955-04-06 (vol. 01 | no. 07),ark:/21198/z1h44k65,ark:/21198/z1dc0vmt,,,open,ihc_respuestas_19550406,https://iiif.library.ucla.edu/iiif/2/ark%3A%2F21198%2Fz1fj59j7,,,,6 de abril de 1955|~|1955-04-06,1955-04-06,,8 pages,digitized microfilm,newspapers,spa,,,,Havana (Cuba),,Instituto de Historia de Cuba,text,unknown,"http://www.ihc.cu/, webmaster@ihc.cu",paged,,Departamento de Prensa del C.N. Del P.S.P,Cuba -- Politics and government -- 1933-1959|~|Cuba -- Social life and customs|~|Cuba -- Periodicals,https://iiif.library.ucla.edu/ark%3A%2F21198%2Fz1h44k65/manifest
Work,1955-04-13 (vol. 01 | no. 08),ark:/21198/z1cc3tf0,ark:/21198/z1dc0vmt,,,open,ihc_respuestas_19550413,https://iiif.library.ucla.edu/iiif/2/ark%3A%2F21198%2Fz1dj88dv,,,,13 de abril de 1955|~|1955-04-13,1955-04-13,,8 pages,digitized microfilm,newspapers,spa,,,,Havana (Cuba),,Instituto de Historia de Cuba,text,unknown,"http://www.ihc.cu/, webmaster@ihc.cu",paged,,Departamento de Prensa del C.N. Del P.S.P,Cuba -- Politics and government -- 1933-1959|~|Cuba -- Social life and customs|~|Cuba -- Periodicals,https://iiif.library.ucla.edu/ark%3A%2F21198%2Fz1cc3tf0/manifest
Work,1955-04-20 (vol. 01 | no. 09),ark:/21198/z17m32p6,ark:/21198/z1dc0vmt,,,open,ihc_respuestas_19550420,https://iiif.library.ucla.edu/iiif/2/ark%3A%2F21198%2Fz1ck175p,,,,20 de abril de 1955|~|1955-04-20,1955-04-20,,8 pages,digitized microfilm,newspapers,spa,,,,Havana (Cuba),,Instituto de Historia de Cuba,text,unknown,"http://www.ihc.cu/, webmaster@ihc.cu",paged,,Departamento de Prensa del C.N. Del P.S.P,Cuba -- Politics and government -- 1933-1959|~|Cuba -- Social life and customs|~|Cuba -- Periodicals,https://iiif.library.ucla.edu/ark%3A%2F21198%2Fz17m32p6/manifest
Work,1955-04-29 (vol. 01 | no. 10),ark:/21198/z13v29wk,ark:/21198/z1dc0vmt,,,open,ihc_respuestas_19550429,https://iiif.library.ucla.edu/iiif/2/ark%3A%2F21198%2Fz1bk4619,,,,29 de abril de 1955|~|1955-04-29,1955-04-29,,8 pages,digitized microfilm,newspapers,spa,,,,Havana (Cuba),,Instituto de Historia de Cuba,text,unknown,"http://www.ihc.cu/, webmaster@ihc.cu",paged,,Departamento de Prensa del C.N. Del P.S.P,Cuba -- Politics and government -- 1933-1959|~|Cuba -- Social life and customs|~|Cuba -- Periodicals,https://iiif.library.ucla.edu/ark%3A%2F21198%2Fz13v29wk/manifest
Work,1955-05-06 (vol. 01 | no. 11),ark:/21198/z1031k61,ark:/21198/z1dc0vmt,,,open,ihc_respuestas_19550506,https://iiif.library.ucla.edu/iiif/2/ark%3A%2F21198%2Fz19p5vb9,,,,6 de mayo de 1955|~|1955-05-06,1955-05-06,,8 pages,digitized microfilm,newspapers,spa,,,,Havana (Cuba),,Instituto de Historia de Cuba,text,unknown,"http://www.ihc.cu/, webmaster@ihc.cu",paged,,Departamento de Prensa del C.N. Del P.S.P,Cuba -- Politics and government -- 1933-1959|~|Cuba -- Social life and customs|~|Cuba -- Periodicals,https://iiif.library.ucla.edu/ark%3A%2F21198%2Fz1031k61/manifest
Work,1955-05-13 (vol. 01 | no. 12),ark:/21198/z1vd9s5z,ark:/21198/z1dc0vmt,,,open,ihc_respuestas_19550513,https://iiif.library.ucla.edu/iiif/2/ark%3A%2F21198%2Fz18p8t7c,,,,13 de mayo de 1955|~|1955-05-13,1955-05-13,,8 pages,digitized microfilm,newspapers,spa,,,,Havana (Cuba),,Instituto de Historia de Cuba,text,unknown,"http://www.ihc.cu/, webmaster@ihc.cu",paged,,Departamento de Prensa del C.N. Del P.S.P,Cuba -- Politics and government -- 1933-1959|~|Cuba -- Social life and customs|~|Cuba -- Periodicals,https://iiif.library.ucla.edu/ark%3A%2F21198%2Fz1vd9s5z/manifest
Work,1955-05-20 (vol. 01 | no. 13),ark:/21198/z1qn91hh,ark:/21198/z1dc0vmt,,,open,ihc_respuestas_19550520,https://iiif.library.ucla.edu/iiif/2/ark%3A%2F21198%2Fz17q1s6w,,,,20 de mayo de 1955|~|1955-05-20,1955-05-20,,6 pages,digitized microfilm,newspapers,spa,,,,Havana (Cuba),,Instituto de Historia de Cuba,text,unknown,"http://www.ihc.cu/, webmaster@ihc.cu",paged,,Departamento de Prensa del C.N. Del P.S.P,Cuba -- Politics and government -- 1933-1959|~|Cuba -- Social life and customs|~|Cuba -- Periodicals,https://iiif.library.ucla.edu/ark%3A%2F21198%2Fz1qn91hh/manifest
Work,1955-05-27 (vol. 01 | no. 14),ark:/21198/z1kw88ss,ark:/21198/z1dc0vmt,,,open,ihc_respuestas_19550527,https://iiif.library.ucla.edu/iiif/2/ark%3A%2F21198%2Fz1g767g3,,,,27 de mayo de 1955|~|1955-05-27,1955-05-27,,8 pages,digitized microfilm,newspapers,spa,,,,Havana (Cuba),,Instituto de Historia de Cuba,text,unknown,"http://www.ihc.cu/, webmaster@ihc.cu",paged,,Departamento de Prensa del C.N. Del P.S.P,Cuba -- Politics and government -- 1933-1959|~|Cuba -- Social life and customs|~|Cuba -- Periodicals,https://iiif.library.ucla.edu/ark%3A%2F21198%2Fz1kw88ss/manifest
Work,1955-06-03 (vol. 01 | no. 15),ark:/21198/z1g47j2s,ark:/21198/z1dc0vmt,,,open,ihc_respuestas_19550603,https://iiif.library.ucla.edu/iiif/2/ark%3A%2F21198%2Fz1f79698,,,,3 de junio de 1955|~|1955-06-03,1955-06-03,,10 pages,digitized microfilm,newspapers,spa,,,,Havana (Cuba),,Instituto de Historia de Cuba,text,unknown,"http://www.ihc.cu/, webmaster@ihc.cu",paged,,Departamento de Prensa del C.N. Del P.S.P,Cuba -- Politics and government -- 1933-1959|~|Cuba -- Social life and customs|~|Cuba -- Periodicals,https://iiif.library.ucla.edu/ark%3A%2F21198%2Fz1g47j2s/manifest
Work,1955-06-11 (vol. 01 | no. 16),ark:/21198/z1bc6s85,ark:/21198/z1dc0vmt,,,open,ihc_respuestas_19550611,https://iiif.library.ucla.edu/iiif/2/ark%3A%2F21198%2Fz14r0nq0,,,,11 de junio de 1955|~|1955-06-11,1955-06-11,,8 pages,digitized microfilm,newspapers,spa,,,,Havana (Cuba),,Instituto de Historia de Cuba,text,unknown,"http://www.ihc.cu/, webmaster@ihc.cu",paged,,Departamento de Prensa del C.N. Del P.S.P,Cuba -- Politics and government -- 1933-1959|~|Cuba -- Social life and customs|~|Cuba -- Periodicals,https://iiif.library.ucla.edu/ark%3A%2F21198%2Fz1bc6s85/manifest
Work,1955-06-20 (vol. 01 | no. 17),ark:/21198/z16m61jt,ark:/21198/z1dc0vmt,,,open,ihc_respuestas_19550620,https://iiif.library.ucla.edu/iiif/2/ark%3A%2F21198%2Fz13v29x1,,,,20 de junio de 1955|~|1955-06-20,1955-06-20,,8 pages,digitized microfilm,newspapers,spa,,,,Havana (Cuba),,Instituto de Historia de Cuba,text,unknown,"http://www.ihc.cu/, webmaster@ihc.cu",paged,,Departamento de Prensa del C.N. Del P.S.P,Cuba -- Politics and government -- 1933-1959|~|Cuba -- Social life and customs|~|Cuba -- Periodicals,https://iiif.library.ucla.edu/ark%3A%2F21198%2Fz16m61jt/manifest
Work,1955-06-25 (vol. 01 | no. 18),ark:/21198/z12v58t3,ark:/21198/z1dc0vmt,,,open,ihc_respuestas_19550625,https://iiif.library.ucla.edu/iiif/2/ark%3A%2F21198%2Fz12v58vj,,,,25 de junio de 1955|~|1955-06-25,1955-06-25,,8 pages,digitized microfilm,newspapers,spa,,,,Havana (Cuba),,Instituto de Historia de Cuba,text,unknown,"http://www.ihc.cu/, webmaster@ihc.cu",paged,,Departamento de Prensa del C.N. Del P.S.P,Cuba -- Politics and government -- 1933-1959|~|Cuba -- Social life and customs|~|Cuba -- Periodicals,https://iiif.library.ucla.edu/ark%3A%2F21198%2Fz12v58t3/manifest
Work,1955-07-01 (vol. 01 | no. 19),ark:/21198/z1z63grf,ark:/21198/z1dc0vmt,,,open,ihc_respuestas_19550701,https://iiif.library.ucla.edu/iiif/2/ark%3A%2F21198%2Fz11v87q5,,,,1 de julio de 1955|~|1955-07-01,1955-07-01,,10 pages,digitized microfilm,newspapers,spa,,,,Havana (Cuba),,Instituto de Historia de Cuba,text,unknown,"http://www.ihc.cu/, webmaster@ihc.cu",paged,,Departamento de Prensa del C.N. Del P.S.P,Cuba -- Politics and government -- 1933-1959|~|Cuba -- Social life and customs|~|Cuba -- Periodicals,https://iiif.library.ucla.edu/ark%3A%2F21198%2Fz1z63grf/manifest
Work,1955-07-11 (vol. 01 | no. 20),ark:/21198/z1tf2r2k,ark:/21198/z1dc0vmt,,,open,ihc_respuestas_19550711,https://iiif.library.ucla.edu/iiif/2/ark%3A%2F21198%2Fz1rb9z96,,,,11 de julio de 1955|~|1955-07-11,1955-07-11,,10 pages,digitized microfilm,newspapers,spa,,,,Havana (Cuba),,Instituto de Historia de Cuba,text,unknown,"http://www.ihc.cu/, webmaster@ihc.cu",paged,,Departamento de Prensa del C.N. Del P.S.P,Cuba -- Politics and government -- 1933-1959|~|Cuba -- Social life and customs|~|Cuba -- Periodicals,https://iiif.library.ucla.edu/ark%3A%2F21198%2Fz1tf2r2k/manifest
Work,1955-07-18 (vol. 01 | no. 21),ark:/21198/z1pp20d4,ark:/21198/z1dc0vmt,,,open,ihc_respuestas_19550718,https://iiif.library.ucla.edu/iiif/2/ark%3A%2F21198%2Fz1fz047c,,,,18 de julio de 1955|~|1955-07-18,1955-07-18,,8 pages,digitized microfilm,newspapers,spa,,,,Havana (Cuba),,Instituto de Historia de Cuba,text,unknown,"http://www.ihc.cu/, webmaster@ihc.cu",paged,,Departamento de Prensa del C.N. Del P.S.P,Cuba -- Politics and government -- 1933-1959|~|Cuba -- Social life and customs|~|Cuba -- Periodicals,https://iiif.library.ucla.edu/ark%3A%2F21198%2Fz1pp20d4/manifest
Work,1955-07-25 (vol. 01 | no. 22),ark:/21198/z1jx17nz,ark:/21198/z1dc0vmt,,,open,ihc_respuestas_19550725,https://iiif.library.ucla.edu/iiif/2/ark%3A%2F21198%2Fz1dz3330,,,,25 de julio de 1955|~|1955-07-25,1955-07-25,,16 pages,digitized microfilm,newspapers,spa,,,,Havana (Cuba),,Instituto de Historia de Cuba,text,unknown,"http://www.ihc.cu/, webmaster@ihc.cu",paged,,Departamento de Prensa del C.N. Del P.S.P,Cuba -- Politics and government -- 1933-1959|~|Cuba -- Social life and customs|~|Cuba -- Periodicals,https://iiif.library.ucla.edu/ark%3A%2F21198%2Fz1jx17nz/manifest
Work,1955-08-06 (vol. 01 | no. 24),ark:/21198/z1f50gw3,ark:/21198/z1dc0vmt,,,open,ihc_respuestas_19550806,https://iiif.library.ucla.edu/iiif/2/ark%3A%2F21198%2Fz1bz90sc,,,,6 de agosto de 1955|~|1955-08-06,1955-08-06,,8 pages,digitized microfilm,newspapers,spa,,,,Havana (Cuba),,Instituto de Historia de Cuba,text,unknown,"http://www.ihc.cu/, webmaster@ihc.cu",paged,,Departamento de Prensa del C.N. Del P.S.P,Cuba -- Politics and government -- 1933-1959|~|Cuba -- Social life and customs|~|Cuba -- Periodicals,https://iiif.library.ucla.edu/ark%3A%2F21198%2Fz1f50gw3/manifest
Work,1955-08-15 (vol. 01 | no. 25),ark:/21198/z19c9r3b,ark:/21198/z1dc0vmt,,,open,ihc_respuestas_19550815,https://iiif.library.ucla.edu/iiif/2/ark%3A%2F21198%2Fz1b01zm1,,,,15 de  agosto de 1955|~|1955-08-15,1955-08-15,,8 pages,digitized microfilm,newspapers,spa,,,,Havana (Cuba),,Instituto de Historia de Cuba,text,unknown,"http://www.ihc.cu/, webmaster@ihc.cu",paged,,Departamento de Prensa del C.N. Del P.S.P,Cuba -- Politics and government -- 1933-1959|~|Cuba -- Social life and customs|~|Cuba -- Periodicals,https://iiif.library.ucla.edu/ark%3A%2F21198%2Fz19c9r3b/manifest
Work,1955-08-22 (vol. 01 | no. 26),ark:/21198/z15m90df,ark:/21198/z1dc0vmt,,,open,ihc_respuestas_19550822,https://iiif.library.ucla.edu/iiif/2/ark%3A%2F21198%2Fz1933mxd,,,,22 de agosto de 1955|~|1955-08-22,1955-08-22,,8 pages,digitized microfilm,newspapers,spa,,,,Havana (Cuba),,Instituto de Historia de Cuba,text,unknown,"http://www.ihc.cu/, webmaster@ihc.cu",paged,,Departamento de Prensa del C.N. Del P.S.P,Cuba -- Politics and government -- 1933-1959|~|Cuba -- Social life and customs|~|Cuba -- Periodicals,https://iiif.library.ucla.edu/ark%3A%2F21198%2Fz15m90df/manifest
Work,1955-08-30 (vol. 01 | no. 27),ark:/21198/z11z6z32,ark:/21198/z1dc0vmt,,,open,ihc_respuestas_19550830,https://iiif.library.ucla.edu/iiif/2/ark%3A%2F21198%2Fz1836krk,,,,30 de agosto de 1955|~|1955-08-30,1955-08-30,,10 pages,digitized microfilm,newspapers,spa,,,,Havana (Cuba),,Instituto de Historia de Cuba,text,unknown,"http://www.ihc.cu/, webmaster@ihc.cu",paged,,Departamento de Prensa del C.N. Del P.S.P,Cuba -- Politics and government -- 1933-1959|~|Cuba -- Social life and customs|~|Cuba -- Periodicals,https://iiif.library.ucla.edu/ark%3A%2F21198%2Fz11z6z32/manifest
Work,1955-09-05 (vol. 01 | no. 28),ark:/21198/z1x66fnh,ark:/21198/z1dc0vmt,,,open,ihc_respuestas_19550905,https://iiif.library.ucla.edu/iiif/2/ark%3A%2F21198%2Fz1zk89f1,,,,5 de septiembre de 1955|~|1955-09-05,1955-09-05,,8 pages,digitized microfilm,newspapers,spa,,,,Havana (Cuba),,Instituto de Historia de Cuba,text,unknown,"http://www.ihc.cu/, webmaster@ihc.cu",paged,,Departamento de Prensa del C.N. Del P.S.P,Cuba -- Politics and government -- 1933-1959|~|Cuba -- Social life and customs|~|Cuba -- Periodicals,https://iiif.library.ucla.edu/ark%3A%2F21198%2Fz1x66fnh/manifest
Work,1955-09-12 (vol. 01 | no. 29),ark:/21198/z1sf5pxs,ark:/21198/z1dc0vmt,,,open,ihc_respuestas_19550912,https://iiif.library.ucla.edu/iiif/2/ark%3A%2F21198%2Fz1xm1896,,,,12 de septiembre de 1955|~|1955-09-12,1955-09-12,,8 pages,digitized microfilm,newspapers,spa,,,,Havana (Cuba),,Instituto de Historia de Cuba,text,unknown,"http://www.ihc.cu/, webmaster@ihc.cu",paged,,Departamento de Prensa del C.N. Del P.S.P,Cuba -- Politics and government -- 1933-1959|~|Cuba -- Social life and customs|~|Cuba -- Periodicals,https://iiif.library.ucla.edu/ark%3A%2F21198%2Fz1sf5pxs/manifest
Work,1955-09-20 (vol. 01 | no. 30),ark:/21198/z1np4z4k,ark:/21198/z1dc0vmt,,,open,ihc_respuestas_19550920,https://iiif.library.ucla.edu/iiif/2/ark%3A%2F21198%2Fz1wq2xkr,,,,20 de septiembre de 1955|~|1955-09-20,1955-09-20,,13 pages,digitized microfilm,newspapers,spa,,,,Havana (Cuba),,Instituto de Historia de Cuba,text,unknown,"http://www.ihc.cu/, webmaster@ihc.cu",paged,,Departamento de Prensa del C.N. Del P.S.P,Cuba -- Politics and government -- 1933-1959|~|Cuba -- Social life and customs|~|Cuba -- Periodicals,https://iiif.library.ucla.edu/ark%3A%2F21198%2Fz1np4z4k/manifest
Work,1955-10-10 (vol. 01 | no. 33),ark:/21198/z1hx46d7,ark:/21198/z1dc0vmt,,,open,ihc_respuestas_19551010,https://iiif.library.ucla.edu/iiif/2/ark%3A%2F21198%2Fz16x24t7,,,,10 de octubre de 1955|~|1955-10-10,1955-10-10,,8 pages,digitized microfilm,newspapers,spa,,,,Havana (Cuba),,Instituto de Historia de Cuba,text,unknown,"http://www.ihc.cu/, webmaster@ihc.cu",paged,,Departamento de Prensa del C.N. Del P.S.P,Cuba -- Politics and government -- 1933-1959|~|Cuba -- Social life and customs|~|Cuba -- Periodicals,https://iiif.library.ucla.edu/ark%3A%2F21198%2Fz1hx46d7/manifest
Work,1955-10-17 (vol. 01 | no. 34),ark:/21198/z1d53fmx,ark:/21198/z1dc0vmt,,,open,ihc_respuestas_19551017,https://iiif.library.ucla.edu/iiif/2/ark%3A%2F21198%2Fz1613t22,,,,17 de octubre de 1955|~|1955-10-17,1955-10-17,,10 pages,digitized microfilm,newspapers,spa,,,,Havana (Cuba),,Instituto de Historia de Cuba,text,unknown,"http://www.ihc.cu/, webmaster@ihc.cu",paged,,Departamento de Prensa del C.N. Del P.S.P,Cuba -- Politics and government -- 1933-1959|~|Cuba -- Social life and customs|~|Cuba -- Periodicals,https://iiif.library.ucla.edu/ark%3A%2F21198%2Fz1d53fmx/manifest
Work,1955-10-25 (vol. 01 | no. 35),ark:/21198/z18d2pxn,ark:/21198/z1dc0vmt,,,open,ihc_respuestas_19551025,https://iiif.library.ucla.edu/iiif/2/ark%3A%2F21198%2Fz1wh5hsj,,,,25 de octubre de 1955|~|1955-10-25,1955-10-25,,8 pages,digitized microfilm,newspapers,spa,,,,Havana (Cuba),,Instituto de Historia de Cuba,text,unknown,"http://www.ihc.cu/, webmaster@ihc.cu",paged,,Departamento de Prensa del C.N. Del P.S.P,Cuba -- Politics and government -- 1933-1959|~|Cuba -- Social life and customs|~|Cuba -- Periodicals,https://iiif.library.ucla.edu/ark%3A%2F21198%2Fz18d2pxn/manifest
Work,1955-10-31 (vol. 01 | no. 36),ark:/21198/z14r0npj,ark:/21198/z1dc0vmt,,,open,ihc_respuestas_19551031,https://iiif.library.ucla.edu/iiif/2/ark%3A%2F21198%2Fz108902z,,,,31 de octubre de 1955|~|1955-10-31,1955-10-31,,16 pages,digitized microfilm,newspapers,spa,,,,Havana (Cuba),,Instituto de Historia de Cuba,text,unknown,"http://www.ihc.cu/, webmaster@ihc.cu",paged,,Departamento de Prensa del C.N. Del P.S.P,Cuba -- Politics and government -- 1933-1959|~|Cuba -- Social life and customs|~|Cuba -- Periodicals,https://iiif.library.ucla.edu/ark%3A%2F21198%2Fz14r0npj/manifest
Work,1955-11-15 (vol. 01 | no. 38),ark:/21198/z10z9x1k,ark:/21198/z1dc0vmt,,,open,ihc_respuestas_19551115,https://iiif.library.ucla.edu/iiif/2/ark%3A%2F21198%2Fz1x9553p,,,,15 de noviembre de 1955|~|1955-11-15,1955-11-15,,10 pages,digitized microfilm,newspapers,spa,,,,Havana (Cuba),,Instituto de Historia de Cuba,text,unknown,"http://www.ihc.cu/, webmaster@ihc.cu",paged,,Departamento de Prensa del C.N. Del P.S.P,Cuba -- Politics and government -- 1933-1959|~|Cuba -- Social life and customs|~|Cuba -- Periodicals,https://iiif.library.ucla.edu/ark%3A%2F21198%2Fz10z9x1k/manifest
Work,1955-11-22 (vol. 01 | no. 39),ark:/21198/z1w69dh4,ark:/21198/z1dc0vmt,,,open,ihc_respuestas_19551122,https://iiif.library.ucla.edu/iiif/2/ark%3A%2F21198%2Fz1mw59wq,,,misprint: date printed as 1922,22 de noviembre de 1955|~|1955-11-22,1955-11-22,,8 pages,digitized microfilm,newspapers,spa,,,,Havana (Cuba),,Instituto de Historia de Cuba,text,unknown,"http://www.ihc.cu/, webmaster@ihc.cu",paged,,Departamento de Prensa del C.N. Del P.S.P,Cuba -- Politics and government -- 1933-1959|~|Cuba -- Social life and customs|~|Cuba -- Periodicals,https://iiif.library.ucla.edu/ark%3A%2F21198%2Fz1w69dh4/manifest
Work,1955-11-26 (vol. 01 | no. 40),ark:/21198/z1rf8nsd,ark:/21198/z1dc0vmt,,,open,ihc_respuestas_19551126,https://iiif.library.ucla.edu/iiif/2/ark%3A%2F21198%2Fz1kw88t7,,,,26 de noviembre de 1955|~|1955-11-26,1955-11-26,,8 pages,digitized microfilm,newspapers,spa,,,,Havana (Cuba),,Instituto de Historia de Cuba,text,unknown,"http://www.ihc.cu/, webmaster@ihc.cu",paged,,Departamento de Prensa del C.N. Del P.S.P,Cuba -- Politics and government -- 1933-1959|~|Cuba -- Social life and customs|~|Cuba -- Periodicals,https://iiif.library.ucla.edu/ark%3A%2F21198%2Fz1rf8nsd/manifest
Work,1955-12-03 (vol. 01 | no. 41),ark:/21198/z1mp7x06,ark:/21198/z1dc0vmt,,,open,ihc_respuestas_19551203,https://iiif.library.ucla.edu/iiif/2/ark%3A%2F21198%2Fz1jx17pd,,,,3 de diciembre de 1955|~|1955-12-03,1955-12-03,,8 pages,digitized microfilm,newspapers,spa,,,,Havana (Cuba),,Instituto de Historia de Cuba,text,unknown,"http://www.ihc.cu/, webmaster@ihc.cu",paged,,Departamento de Prensa del C.N. Del P.S.P,Cuba -- Politics and government -- 1933-1959|~|Cuba -- Social life and customs|~|Cuba -- Periodicals,https://iiif.library.ucla.edu/ark%3A%2F21198%2Fz1mp7x06/manifest
Work,1955-12-10 (vol. 01 | no. 42),ark:/21198/z1gx757d,ark:/21198/z1dc0vmt,,,open,ihc_respuestas_19551210,https://iiif.library.ucla.edu/iiif/2/ark%3A%2F21198%2Fz1hx46fp,,,,10 de diciembre de 1955|~|1955-12-10,1955-12-10,,10 pages,digitized microfilm,newspapers,spa,,,,Havana (Cuba),,Instituto de Historia de Cuba,text,unknown,"http://www.ihc.cu/, webmaster@ihc.cu",paged,,Departamento de Prensa del C.N. Del P.S.P,Cuba -- Politics and government -- 1933-1959|~|Cuba -- Social life and customs|~|Cuba -- Periodicals,https://iiif.library.ucla.edu/ark%3A%2F21198%2Fz1gx757d/manifest
Work,1955-12-17 (vol. 01 | no. 43),ark:/21198/z1c56djf,ark:/21198/z1dc0vmt,,,open,ihc_respuestas_19551217,https://iiif.library.ucla.edu/iiif/2/ark%3A%2F21198%2Fz17h4c9b,,,,17 de diciembre de 1955|~|1955-12-17,1955-12-17,,7 pages,digitized microfilm,newspapers,spa,,,,Havana (Cuba),,Instituto de Historia de Cuba,text,unknown,"http://www.ihc.cu/, webmaster@ihc.cu",paged,,Departamento de Prensa del C.N. Del P.S.P,Cuba -- Politics and government -- 1933-1959|~|Cuba -- Social life and customs|~|Cuba -- Periodicals,https://iiif.library.ucla.edu/ark%3A%2F21198%2Fz1c56djf/manifest
Work,1955-12-24 (vol. 01 | no. 44),ark:/21198/z17h4c7f,ark:/21198/z1dc0vmt,,,open,ihc_respuestas_19551224,https://iiif.library.ucla.edu/iiif/2/ark%3A%2F21198%2Fz1b882w8,,,,24 de diciembre de 1955|~|1955-12-24,1955-12-24,,8 pages,digitized microfilm,newspapers,spa,,,,Havana (Cuba),,Instituto de Historia de Cuba,text,unknown,"http://www.ihc.cu/, webmaster@ihc.cu",paged,,Departamento de Prensa del C.N. Del P.S.P,Cuba -- Politics and government -- 1933-1959|~|Cuba -- Social life and customs|~|Cuba -- Periodicals,https://iiif.library.ucla.edu/ark%3A%2F21198%2Fz17h4c7f/manifest
Work,1955-12-31 (vol. 01 | no. 45),ark:/21198/z13r3mkm,ark:/21198/z1dc0vmt,,,open,ihc_respuestas_19551231,https://iiif.library.ucla.edu/iiif/2/ark%3A%2F21198%2Fz19911sw,,,,31 de diciembre de 1955|~|1955-12-31,1955-12-31,,8 pages,digitized microfilm,newspapers,spa,,,,Havana (Cuba),,Instituto de Historia de Cuba,text,unknown,"http://www.ihc.cu/, webmaster@ihc.cu",paged,,Departamento de Prensa del C.N. Del P.S.P,Cuba -- Politics and government -- 1933-1959|~|Cuba -- Social life and customs|~|Cuba -- Periodicals,https://iiif.library.ucla.edu/ark%3A%2F21198%2Fz13r3mkm/manifest
Work,1956-01-07 (vol. 02 | no. 46),ark:/21198/z1002vv6,ark:/21198/z1dc0vmt,,,open,ihc_respuestas_19560107,https://iiif.library.ucla.edu/iiif/2/ark%3A%2F21198%2Fz18940pz,,,,7 de enero de 1956|~|1956-01-07,1956-01-07,,8 pages,digitized microfilm,newspapers,spa,,,,Havana (Cuba),,Instituto de Historia de Cuba,text,unknown,"http://www.ihc.cu/, webmaster@ihc.cu",paged,,Departamento de Prensa del C.N. Del P.S.P,Cuba -- Politics and government -- 1933-1959|~|Cuba -- Social life and customs|~|Cuba -- Periodicals,https://iiif.library.ucla.edu/ark%3A%2F21198%2Fz1002vv6/manifest
Work,1956-01-14 (vol. 02 | no. 47),ark:/21198/z1v72cbv,ark:/21198/z1dc0vmt,,,open,ihc_respuestas_19560114,https://iiif.library.ucla.edu/iiif/2/ark%3A%2F21198%2Fz1796zfv,,,,14 de enero de 1956|~|1956-01-14,1956-01-14,,8 pages,digitized microfilm,newspapers,spa,,,,Havana (Cuba),,Instituto de Historia de Cuba,text,unknown,"http://www.ihc.cu/, webmaster@ihc.cu",paged,,Departamento de Prensa del C.N. Del P.S.P,Cuba -- Politics and government -- 1933-1959|~|Cuba -- Social life and customs|~|Cuba -- Periodicals,https://iiif.library.ucla.edu/ark%3A%2F21198%2Fz1v72cbv/manifest
Work,1956-01-21 (vol. 02 | no. 48),ark:/21198/z1qg1mm4,ark:/21198/z1dc0vmt,,,open,ihc_respuestas_19560121,https://iiif.library.ucla.edu/iiif/2/ark%3A%2F21198%2Fz1699xbx,,,,21 de enero de 1956|~|1956-01-21,1956-01-21,,8 pages,digitized microfilm,newspapers,spa,,,,Havana (Cuba),,Instituto de Historia de Cuba,text,unknown,"http://www.ihc.cu/, webmaster@ihc.cu",paged,,Departamento de Prensa del C.N. Del P.S.P,Cuba -- Politics and government -- 1933-1959|~|Cuba -- Social life and customs|~|Cuba -- Periodicals,https://iiif.library.ucla.edu/ark%3A%2F21198%2Fz1qg1mm4/manifest
Work,1956-01-28 (vol. 02 | no. 49),ark:/21198/z1kq0vvz,ark:/21198/z1dc0vmt,,,open,ihc_respuestas_19560128,https://iiif.library.ucla.edu/iiif/2/ark%3A%2F21198%2Fz15f1knv,,,,28 de enero de 1956|~|1956-01-28,1956-01-28,,8 pages,digitized microfilm,newspapers,spa,,,,Havana (Cuba),,Instituto de Historia de Cuba,text,unknown,"http://www.ihc.cu/, webmaster@ihc.cu",paged,,Departamento de Prensa del C.N. Del P.S.P,Cuba -- Politics and government -- 1933-1959|~|Cuba -- Social life and customs|~|Cuba -- Periodicals,https://iiif.library.ucla.edu/ark%3A%2F21198%2Fz1kq0vvz/manifest
Work,1956-02-04 (vol. 02 | no. 50),ark:/21198/z1fz046x,ark:/21198/z1dc0vmt,,,open,ihc_respuestas_19560204,https://iiif.library.ucla.edu/iiif/2/ark%3A%2F21198%2Fz14f4jg1,,,,4 de febrero de 1956|~|1956-02-04,1956-02-04,,8 pages,digitized microfilm,newspapers,spa,,,,Havana (Cuba),,Instituto de Historia de Cuba,text,unknown,"http://www.ihc.cu/, webmaster@ihc.cu",paged,,Departamento de Prensa del C.N. Del P.S.P,Cuba -- Politics and government -- 1933-1959|~|Cuba -- Social life and customs|~|Cuba -- Periodicals,https://iiif.library.ucla.edu/ark%3A%2F21198%2Fz1fz046x/manifest
Work,1956-02-11 (vol. 02 | no. 51),ark:/21198/z1b882tc,ark:/21198/z1dc0vmt,,,open,ihc_respuestas_19560211,https://iiif.library.ucla.edu/iiif/2/ark%3A%2F21198%2Fz13f7hdj,,,,11 de febrero de 1956|~|1956-02-11,1956-02-11,,8 pages,digitized microfilm,newspapers,spa,,,,Havana (Cuba),,Instituto de Historia de Cuba,text,unknown,"http://www.ihc.cu/, webmaster@ihc.cu",paged,,Departamento de Prensa del C.N. Del P.S.P,Cuba -- Politics and government -- 1933-1959|~|Cuba -- Social life and customs|~|Cuba -- Periodicals,https://iiif.library.ucla.edu/ark%3A%2F21198%2Fz1b882tc/manifest
Work,1956-02-18 (vol. 02 | no. 52),ark:/21198/z16h7b4h,ark:/21198/z1dc0vmt,,,open,ihc_respuestas_19560218,https://iiif.library.ucla.edu/iiif/2/ark%3A%2F21198%2Fz12g0g78,,,,18 de febrero de 1956|~|1956-02-18,1956-02-18,,8 pages,digitized microfilm,newspapers,spa,,,,Havana (Cuba),,Instituto de Historia de Cuba,text,unknown,"http://www.ihc.cu/, webmaster@ihc.cu",paged,,Departamento de Prensa del C.N. Del P.S.P,Cuba -- Politics and government -- 1933-1959|~|Cuba -- Social life and customs|~|Cuba -- Periodicals,https://iiif.library.ucla.edu/ark%3A%2F21198%2Fz16h7b4h/manifest
Work,1956-02-25 (vol. 02 | no. 53),ark:/21198/z12r6kds,ark:/21198/z1dc0vmt,,,open,ihc_respuestas_19560225,https://iiif.library.ucla.edu/iiif/2/ark%3A%2F21198%2Fz11g3f10,,,,25 de febrero de 1956|~|1956-02-25,1956-02-25,,9 pages,digitized microfilm,newspapers,spa,,,,Havana (Cuba),,Instituto de Historia de Cuba,text,unknown,"http://www.ihc.cu/, webmaster@ihc.cu",paged,,Departamento de Prensa del C.N. Del P.S.P,Cuba -- Politics and government -- 1933-1959|~|Cuba -- Social life and customs|~|Cuba -- Periodicals,https://iiif.library.ucla.edu/ark%3A%2F21198%2Fz12r6kds/manifest
Work,1956-03-03 (vol. 02 | no. 54),ark:/21198/z1z062vw,ark:/21198/z1dc0vmt,,,open,ihc_respuestas_19560303,https://iiif.library.ucla.edu/iiif/2/ark%3A%2F21198%2Fz1vt4kw4,,,,3 de marzo de 1956|~|1956-03-03,1956-03-03,,10 pages,digitized microfilm,newspapers,spa,,,,Havana (Cuba),,Instituto de Historia de Cuba,text,unknown,"http://www.ihc.cu/, webmaster@ihc.cu",paged,,Departamento de Prensa del C.N. Del P.S.P,Cuba -- Politics and government -- 1933-1959|~|Cuba -- Social life and customs|~|Cuba -- Periodicals,https://iiif.library.ucla.edu/ark%3A%2F21198%2Fz1z062vw/manifest
Work,1956-03-10 (vol. 02 | no. 55),ark:/21198/z1t75b4k,ark:/21198/z1dc0vmt,,,open,ihc_respuestas_19560310,https://iiif.library.ucla.edu/iiif/2/ark%3A%2F21198%2Fz1k9629d,,,,10 de marzo de 1956|~|1956-03-10,1956-03-10,,7 pages,digitized microfilm,newspapers,spa,,,,Havana (Cuba),,Instituto de Historia de Cuba,text,unknown,"http://www.ihc.cu/, webmaster@ihc.cu",paged,,Departamento de Prensa del C.N. Del P.S.P,Cuba -- Politics and government -- 1933-1959|~|Cuba -- Social life and customs|~|Cuba -- Periodicals,https://iiif.library.ucla.edu/ark%3A%2F21198%2Fz1t75b4k/manifest
Work,1956-03-17 (vol. 02 | no. 56),ark:/21198/z1pg4kcd,ark:/21198/z1dc0vmt,,,open,ihc_respuestas_19560317,https://iiif.library.ucla.edu/iiif/2/ark%3A%2F21198%2Fz1p29rxd,,,,17 de marzo de 1956|~|1956-03-17,1956-03-17,,8 pages,digitized microfilm,newspapers,spa,,,,Havana (Cuba),,Instituto de Historia de Cuba,text,unknown,"http://www.ihc.cu/, webmaster@ihc.cu",paged,,Departamento de Prensa del C.N. Del P.S.P,Cuba -- Politics and government -- 1933-1959|~|Cuba -- Social life and customs|~|Cuba -- Periodicals,https://iiif.library.ucla.edu/ark%3A%2F21198%2Fz1pg4kcd/manifest
Work,1956-03-21 (vol. 02 | no. 57),ark:/21198/z1jq3tqk,ark:/21198/z1dc0vmt,,,open,ihc_respuestas_19560321,https://iiif.library.ucla.edu/iiif/2/ark%3A%2F21198%2Fz1n32qqp,,,,21 de marzo de 1956|~|1956-03-21,1956-03-21,,8 pages,digitized microfilm,newspapers,spa,,,,Havana (Cuba),,Instituto de Historia de Cuba,text,unknown,"http://www.ihc.cu/, webmaster@ihc.cu",paged,,Departamento de Prensa del C.N. Del P.S.P,Cuba -- Politics and government -- 1933-1959|~|Cuba -- Social life and customs|~|Cuba -- Periodicals,https://iiif.library.ucla.edu/ark%3A%2F21198%2Fz1jq3tqk/manifest
Work,1956-03-29 (vol. 02 | no. 58),ark:/21198/z1f21scf,ark:/21198/z1dc0vmt,,,open,ihc_respuestas_19560329,https://iiif.library.ucla.edu/iiif/2/ark%3A%2F21198%2Fz1m35phd,,,misprint: originally printed as no. 57,29 de marzo de 1956|~|1956-03-29,1956-03-29,,8 pages,digitized microfilm,newspapers,spa,,,,Havana (Cuba),,Instituto de Historia de Cuba,text,unknown,"http://www.ihc.cu/, webmaster@ihc.cu",paged,,Departamento de Prensa del C.N. Del P.S.P,Cuba -- Politics and government -- 1933-1959|~|Cuba -- Social life and customs|~|Cuba -- Periodicals,https://iiif.library.ucla.edu/ark%3A%2F21198%2Fz1f21scf/manifest
Work,1956-04-07 (vol. 02 | no. 59),ark:/21198/z19911rf,ark:/21198/z1dc0vmt,,,open,ihc_respuestas_19560407,https://iiif.library.ucla.edu/iiif/2/ark%3A%2F21198%2Fz1k38nfx,,,,7 de abril de 1956|~|1956-04-07,1956-04-07,,8 pages,digitized microfilm,newspapers,spa,,,,Havana (Cuba),,Instituto de Historia de Cuba,text,unknown,"http://www.ihc.cu/, webmaster@ihc.cu",paged,,Departamento de Prensa del C.N. Del P.S.P,Cuba -- Politics and government -- 1933-1959|~|Cuba -- Social life and customs|~|Cuba -- Periodicals,https://iiif.library.ucla.edu/ark%3A%2F21198%2Fz19911rf/manifest
Work,1956-04-14 (vol. 02 | no. 60),ark:/21198/z15j090p,ark:/21198/z1dc0vmt,,,open,ihc_respuestas_19560414,https://iiif.library.ucla.edu/iiif/2/ark%3A%2F21198%2Fz1j709pz,,,,14 de abril de 1956|~|1956-04-14,1956-04-14,,8 pages,digitized microfilm,newspapers,spa,,,,Havana (Cuba),,Instituto de Historia de Cuba,text,unknown,"http://www.ihc.cu/, webmaster@ihc.cu",paged,,Departamento de Prensa del C.N. Del P.S.P,Cuba -- Politics and government -- 1933-1959|~|Cuba -- Social life and customs|~|Cuba -- Periodicals,https://iiif.library.ucla.edu/ark%3A%2F21198%2Fz15j090p/manifest
Work,1956-04-21 (vol. 02 | no. 61),ark:/21198/z11r9j8d,ark:/21198/z1dc0vmt,,,open,ihc_respuestas_19560421,https://iiif.library.ucla.edu/iiif/2/ark%3A%2F21198%2Fz1h738k1,,,,21 de abril de 1956|~|1956-04-21,1956-04-21,,8 pages,digitized microfilm,newspapers,spa,,,,Havana (Cuba),,Instituto de Historia de Cuba,text,unknown,"http://www.ihc.cu/, webmaster@ihc.cu",paged,,Departamento de Prensa del C.N. Del P.S.P,Cuba -- Politics and government -- 1933-1959|~|Cuba -- Social life and customs|~|Cuba -- Periodicals,https://iiif.library.ucla.edu/ark%3A%2F21198%2Fz11r9j8d/manifest
Work,1956-04-28 (vol. 02 | no. 62),ark:/21198/z1x091rz,ark:/21198/z1dc0vmt,,,open,ihc_respuestas_19560428,https://iiif.library.ucla.edu/iiif/2/ark%3A%2F21198%2Fz1g767hj,,,,28 de abril de 1956|~|1956-04-28,1956-04-28,,8 pages,digitized microfilm,newspapers,spa,,,,Havana (Cuba),,Instituto de Historia de Cuba,text,unknown,"http://www.ihc.cu/, webmaster@ihc.cu",paged,,Departamento de Prensa del C.N. Del P.S.P,Cuba -- Politics and government -- 1933-1959|~|Cuba -- Social life and customs|~|Cuba -- Periodicals,https://iiif.library.ucla.edu/ark%3A%2F21198%2Fz1x091rz/manifest
Work,1956-05-05 (vol. 02 | no. 63),ark:/21198/z1s7891n,ark:/21198/z1dc0vmt,,,open,ihc_respuestas_19560505,https://iiif.library.ucla.edu/iiif/2/ark%3A%2F21198%2Fz1f796bq,,,,5 de mayo de 1956|~|1956-05-05,1956-05-05,,8 pages,digitized microfilm,newspapers,spa,,,,Havana (Cuba),,Instituto de Historia de Cuba,text,unknown,"http://www.ihc.cu/, webmaster@ihc.cu",paged,,Departamento de Prensa del C.N. Del P.S.P,Cuba -- Politics and government -- 1933-1959|~|Cuba -- Social life and customs|~|Cuba -- Periodicals,https://iiif.library.ucla.edu/ark%3A%2F21198%2Fz1s7891n/manifest
Work,1956-05-12 (vol. 02 | no. 64),ark:/21198/z1nk67rp,ark:/21198/z1dc0vmt,,,open,ihc_respuestas_19560512,https://iiif.library.ucla.edu/iiif/2/ark%3A%2F21198%2Fz1d8257b,,,,12 de mayo de 1956|~|1956-05-12,1956-05-12,,8 pages,digitized microfilm,newspapers,spa,,,,Havana (Cuba),,Instituto de Historia de Cuba,text,unknown,"http://www.ihc.cu/, webmaster@ihc.cu",paged,,Departamento de Prensa del C.N. Del P.S.P,Cuba -- Politics and government -- 1933-1959|~|Cuba -- Social life and customs|~|Cuba -- Periodicals,https://iiif.library.ucla.edu/ark%3A%2F21198%2Fz1nk67rp/manifest
Work,1956-05-19 (vol. 02 | no. 65),ark:/21198/z1ht5h1c,ark:/21198/z1dc0vmt,,,open,ihc_respuestas_19560519,https://iiif.library.ucla.edu/iiif/2/ark%3A%2F21198%2Fz1c8543z,,,,19 de mayo de 1956|~|1956-05-19,1956-05-19,,8 pages,digitized microfilm,newspapers,spa,,,,Havana (Cuba),,Instituto de Historia de Cuba,text,unknown,"http://www.ihc.cu/, webmaster@ihc.cu",paged,,Departamento de Prensa del C.N. Del P.S.P,Cuba -- Politics and government -- 1933-1959|~|Cuba -- Social life and customs|~|Cuba -- Periodicals,https://iiif.library.ucla.edu/ark%3A%2F21198%2Fz1ht5h1c/manifest
Work,1956-05-26 (vol. 02 | no. 66),ark:/21198/z1d24rcv,ark:/21198/z1dc0vmt,,,open,ihc_respuestas_19560526,https://iiif.library.ucla.edu/iiif/2/ark%3A%2F21198%2Fz1bc6sb2,,,,26 de mayo de 1956|~|1956-05-26,1956-05-26,,8 pages,digitized microfilm,newspapers,spa,,,,Havana (Cuba),,Instituto de Historia de Cuba,text,unknown,"http://www.ihc.cu/, webmaster@ihc.cu",paged,,Departamento de Prensa del C.N. Del P.S.P,Cuba -- Politics and government -- 1933-1959|~|Cuba -- Social life and customs|~|Cuba -- Periodicals,https://iiif.library.ucla.edu/ark%3A%2F21198%2Fz1d24rcv/manifest
Work,1956-06-01 (vol. 02 | no. 67),ark:/21198/z18940nh,ark:/21198/z1dc0vmt,,,open,ihc_respuestas_19560601,https://iiif.library.ucla.edu/iiif/2/ark%3A%2F21198%2Fz19c9r6p,,,,1 de junio de 1956|~|1956-06-01,1956-06-01,,8 pages,digitized microfilm,newspapers,spa,,,,Havana (Cuba),,Instituto de Historia de Cuba,text,unknown,"http://www.ihc.cu/, webmaster@ihc.cu",paged,,Departamento de Prensa del C.N. Del P.S.P,Cuba -- Politics and government -- 1933-1959|~|Cuba -- Social life and customs|~|Cuba -- Periodicals,https://iiif.library.ucla.edu/ark%3A%2F21198%2Fz18940nh/manifest
Work,1956-06-08 (vol. 02 | no. 68),ark:/21198/z14j37wb,ark:/21198/z1dc0vmt,,,open,ihc_respuestas_19560608,https://iiif.library.ucla.edu/iiif/2/ark%3A%2F21198%2Fz18d2q0z,,,,8 de junio de 1956|~|1956-06-08,1956-06-08,,8 pages,digitized microfilm,newspapers,spa,,,,Havana (Cuba),,Instituto de Historia de Cuba,text,unknown,"http://www.ihc.cu/, webmaster@ihc.cu",paged,,Departamento de Prensa del C.N. Del P.S.P,Cuba -- Politics and government -- 1933-1959|~|Cuba -- Social life and customs|~|Cuba -- Periodicals,https://iiif.library.ucla.edu/ark%3A%2F21198%2Fz14j37wb/manifest
Work,1956-06-15 (vol. 02 | no. 69),ark:/21198/z10s2h4k,ark:/21198/z1dc0vmt,,,open,ihc_respuestas_19560615,https://iiif.library.ucla.edu/iiif/2/ark%3A%2F21198%2Fz17d5nzh,,,,15 de junio de 1956|~|1956-06-15,1956-06-15,,8 pages,digitized microfilm,newspapers,spa,,,,Havana (Cuba),,Instituto de Historia de Cuba,text,unknown,"http://www.ihc.cu/, webmaster@ihc.cu",paged,,Departamento de Prensa del C.N. Del P.S.P,Cuba -- Politics and government -- 1933-1959|~|Cuba -- Social life and customs|~|Cuba -- Periodicals,https://iiif.library.ucla.edu/ark%3A%2F21198%2Fz10s2h4k/manifest
Work,1956-06-22 (vol. 02 | no. 70),ark:/21198/z1w120m4,ark:/21198/z1dc0vmt,,,open,ihc_respuestas_19560622,https://iiif.library.ucla.edu/iiif/2/ark%3A%2F21198%2Fz16d8mt4,,,,22 de junio de 1956|~|1956-06-22,1956-06-22,,8 pages,digitized microfilm,newspapers,spa,,,,Havana (Cuba),,Instituto de Historia de Cuba,text,unknown,"http://www.ihc.cu/, webmaster@ihc.cu",paged,,Departamento de Prensa del C.N. Del P.S.P,Cuba -- Politics and government -- 1933-1959|~|Cuba -- Social life and customs|~|Cuba -- Periodicals,https://iiif.library.ucla.edu/ark%3A%2F21198%2Fz1w120m4/manifest
Work,1956-06-30 (vol. 02 | no. 71),ark:/21198/z1rb9z8r,ark:/21198/z1dc0vmt,,,open,ihc_respuestas_19560630,https://iiif.library.ucla.edu/iiif/2/ark%3A%2F21198%2Fz15f1kp9,,,,30 de junio de 1956|~|1956-06-30,1956-06-30,,8 pages,digitized microfilm,newspapers,spa,,,,Havana (Cuba),,Instituto de Historia de Cuba,text,unknown,"http://www.ihc.cu/, webmaster@ihc.cu",paged,,Departamento de Prensa del C.N. Del P.S.P,Cuba -- Politics and government -- 1933-1959|~|Cuba -- Social life and customs|~|Cuba -- Periodicals,https://iiif.library.ucla.edu/ark%3A%2F21198%2Fz1rb9z8r/manifest
Work,1956-07-06 (vol. 02 | no. 72),ark:/21198/z1mk96kv,ark:/21198/z1dc0vmt,,,open,ihc_respuestas_19560706,https://iiif.library.ucla.edu/iiif/2/ark%3A%2F21198%2Fz14j37z7,,,,6 de julio de 1956|~|1956-07-06,1956-07-06,,8 pages,digitized microfilm,newspapers,spa,,,,Havana (Cuba),,Instituto de Historia de Cuba,text,unknown,"http://www.ihc.cu/, webmaster@ihc.cu",paged,,Departamento de Prensa del C.N. Del P.S.P,Cuba -- Politics and government -- 1933-1959|~|Cuba -- Social life and customs|~|Cuba -- Periodicals,https://iiif.library.ucla.edu/ark%3A%2F21198%2Fz1mk96kv/manifest
Work,1956-07-13 (vol. 02 | no. 73),ark:/21198/z1gt8fx1,ark:/21198/z1dc0vmt,,,open,ihc_respuestas_19560713,https://iiif.library.ucla.edu/iiif/2/ark%3A%2F21198%2Fz13j66sd,,,,13 de julio de 1956|~|1956-07-13,1956-07-13,,8 pages,digitized microfilm,newspapers,spa,,,,Havana (Cuba),,Instituto de Historia de Cuba,text,unknown,"http://www.ihc.cu/, webmaster@ihc.cu",paged,,Departamento de Prensa del C.N. Del P.S.P,Cuba -- Politics and government -- 1933-1959|~|Cuba -- Social life and customs|~|Cuba -- Periodicals,https://iiif.library.ucla.edu/ark%3A%2F21198%2Fz1gt8fx1/manifest
Work,1956-07-20 (vol. 02 | no. 74),ark:/21198/z1c27q61,ark:/21198/z1dc0vmt,,,open,ihc_respuestas_19560720,https://iiif.library.ucla.edu/iiif/2/ark%3A%2F21198%2Fz12j95mk,,,,20 de julio de 1956|~|1956-07-20,1956-07-20,,10 pages,digitized microfilm,newspapers,spa,,,,Havana (Cuba),,Instituto de Historia de Cuba,text,unknown,"http://www.ihc.cu/, webmaster@ihc.cu",paged,,Departamento de Prensa del C.N. Del P.S.P,Cuba -- Politics and government -- 1933-1959|~|Cuba -- Social life and customs|~|Cuba -- Periodicals,https://iiif.library.ucla.edu/ark%3A%2F21198%2Fz1c27q61/manifest
Work,1956-07-27 (vol. 02 | no. 75),ark:/21198/z1796zdd,ark:/21198/z1dc0vmt,,,open,ihc_respuestas_19560727,https://iiif.library.ucla.edu/iiif/2/ark%3A%2F21198%2Fz1s20wbz,,,,27 de julio de 1956|~|1956-07-27,1956-07-27,,8 pages,digitized microfilm,newspapers,spa,,,,Havana (Cuba),,Instituto de Historia de Cuba,text,unknown,"http://www.ihc.cu/, webmaster@ihc.cu",paged,,Departamento de Prensa del C.N. Del P.S.P,Cuba -- Politics and government -- 1933-1959|~|Cuba -- Social life and customs|~|Cuba -- Periodicals,https://iiif.library.ucla.edu/ark%3A%2F21198%2Fz1796zdd/manifest
Work,1956-08-03 (vol. 02 | no. 76),ark:/21198/z13j66p2,ark:/21198/z1dc0vmt,,,open,ihc_respuestas_19560803,https://iiif.library.ucla.edu/iiif/2/ark%3A%2F21198%2Fz1r23v6k,,,,3 de agosto de 1956|~|1956-08-03,1956-08-03,,8 pages,digitized microfilm,newspapers,spa,,,,Havana (Cuba),,Instituto de Historia de Cuba,text,unknown,"http://www.ihc.cu/, webmaster@ihc.cu",paged,,Departamento de Prensa del C.N. Del P.S.P,Cuba -- Politics and government -- 1933-1959|~|Cuba -- Social life and customs|~|Cuba -- Periodicals,https://iiif.library.ucla.edu/ark%3A%2F21198%2Fz13j66p2/manifest
Work,1956-08-10 (vol. 02 | no. 77),ark:/21198/z1zs5q6s,ark:/21198/z1dc0vmt,,,open,ihc_respuestas_19560810,https://iiif.library.ucla.edu/iiif/2/ark%3A%2F21198%2Fz1q55hgh,,,,10 de agosto de 1956|~|1956-08-10,1956-08-10,,8 pages,digitized microfilm,newspapers,spa,,,,Havana (Cuba),,Instituto de Historia de Cuba,text,unknown,"http://www.ihc.cu/, webmaster@ihc.cu",paged,,Departamento de Prensa del C.N. Del P.S.P,Cuba -- Politics and government -- 1933-1959|~|Cuba -- Social life and customs|~|Cuba -- Periodicals,https://iiif.library.ucla.edu/ark%3A%2F21198%2Fz1zs5q6s/manifest
Work,1956-08-17 (vol. 02 | no. 78),ark:/21198/z1v43nwp,ark:/21198/z1dc0vmt,,,open,ihc_respuestas_19560817,https://iiif.library.ucla.edu/iiif/2/ark%3A%2F21198%2Fz1p58g9p,,,,17 de agosto de 1956|~|1956-08-17,1956-08-17,,8 pages,digitized microfilm,newspapers,spa,,,,Havana (Cuba),,Instituto de Historia de Cuba,text,unknown,"http://www.ihc.cu/, webmaster@ihc.cu",paged,,Departamento de Prensa del C.N. Del P.S.P,Cuba -- Politics and government -- 1933-1959|~|Cuba -- Social life and customs|~|Cuba -- Periodicals,https://iiif.library.ucla.edu/ark%3A%2F21198%2Fz1v43nwp/manifest
Work,1956-08-24 (vol. 02 | no. 79),ark:/21198/z1qc2x6t,ark:/21198/z1dc0vmt,,,open,ihc_respuestas_19560824,https://iiif.library.ucla.edu/iiif/2/ark%3A%2F21198%2Fz1n61f5v,,,,24 de agosto de 1956|~|1956-08-24,1956-08-24,,8 pages,digitized microfilm,newspapers,spa,,,,Havana (Cuba),,Instituto de Historia de Cuba,text,unknown,"http://www.ihc.cu/, webmaster@ihc.cu",paged,,Departamento de Prensa del C.N. Del P.S.P,Cuba -- Politics and government -- 1933-1959|~|Cuba -- Social life and customs|~|Cuba -- Periodicals,https://iiif.library.ucla.edu/ark%3A%2F21198%2Fz1qc2x6t/manifest
Work,1956-08-31 (vol. 02 | no. 80),ark:/21198/z1km25jc,ark:/21198/z1dc0vmt,,,open,ihc_respuestas_19560831,https://iiif.library.ucla.edu/iiif/2/ark%3A%2F21198%2Fz1m64d3c,,,,31 de agosto de 1956|~|1956-08-31,1956-08-31,,8 pages,digitized microfilm,newspapers,spa,,,,Havana (Cuba),,Instituto de Historia de Cuba,text,unknown,"http://www.ihc.cu/, webmaster@ihc.cu",paged,,Departamento de Prensa del C.N. Del P.S.P,Cuba -- Politics and government -- 1933-1959|~|Cuba -- Social life and customs|~|Cuba -- Periodicals,https://iiif.library.ucla.edu/ark%3A%2F21198%2Fz1km25jc/manifest
Work,1956-09-07 (vol. 02 | no. 81),ark:/21198/z1fv1drr,ark:/21198/z1dc0vmt,,,open,ihc_respuestas_19560907,https://iiif.library.ucla.edu/iiif/2/ark%3A%2F21198%2Fz1k67bwp,,,,7 de septiembre de 1956|~|1956-09-07,1956-09-07,,12 pages,digitized microfilm,newspapers,spa,,,,Havana (Cuba),,Instituto de Historia de Cuba,text,unknown,"http://www.ihc.cu/, webmaster@ihc.cu",paged,,Departamento de Prensa del C.N. Del P.S.P,Cuba -- Politics and government -- 1933-1959|~|Cuba -- Social life and customs|~|Cuba -- Periodicals,https://iiif.library.ucla.edu/ark%3A%2F21198%2Fz1fv1drr/manifest
Work,1956-09-14 (vol. 02 | no. 82),ark:/21198/z1b30p1r,ark:/21198/z1dc0vmt,,,open,ihc_respuestas_19560914,https://iiif.library.ucla.edu/iiif/2/ark%3A%2F21198%2Fz118619p,,,,14 de septiembre de 1956|~|1956-09-14,1956-09-14,,8 pages,digitized microfilm,newspapers,spa,,,,Havana (Cuba),,Instituto de Historia de Cuba,text,unknown,"http://www.ihc.cu/, webmaster@ihc.cu",paged,,Departamento de Prensa del C.N. Del P.S.P,Cuba -- Politics and government -- 1933-1959|~|Cuba -- Social life and customs|~|Cuba -- Periodicals,https://iiif.library.ucla.edu/ark%3A%2F21198%2Fz1b30p1r/manifest
Work,1956-09-21 (vol. 02 | no. 83),ark:/21198/z1699x81,ark:/21198/z1dc0vmt,,,open,ihc_respuestas_19560921,https://iiif.library.ucla.edu/iiif/2/ark%3A%2F21198%2Fz108903d,,,,21 de septiembre de 1956|~|1956-09-21,1956-09-21,,8 pages,digitized microfilm,newspapers,spa,,,,Havana (Cuba),,Instituto de Historia de Cuba,text,unknown,"http://www.ihc.cu/, webmaster@ihc.cu",paged,,Departamento de Prensa del C.N. Del P.S.P,Cuba -- Politics and government -- 1933-1959|~|Cuba -- Social life and customs|~|Cuba -- Periodicals,https://iiif.library.ucla.edu/ark%3A%2F21198%2Fz1699x81/manifest
Work,1956-09-28 (vol. 02 | no. 84),ark:/21198/z12j95jp,ark:/21198/z1dc0vmt,,,open,ihc_respuestas_19560928,https://iiif.library.ucla.edu/iiif/2/ark%3A%2F21198%2Fz1z92672,,,,28 de septiembre de 1956|~|1956-09-28,1956-09-28,,8 pages,digitized microfilm,newspapers,spa,,,,Havana (Cuba),,Instituto de Historia de Cuba,text,unknown,"http://www.ihc.cu/, webmaster@ihc.cu",paged,,Departamento de Prensa del C.N. Del P.S.P,Cuba -- Politics and government -- 1933-1959|~|Cuba -- Social life and customs|~|Cuba -- Periodicals,https://iiif.library.ucla.edu/ark%3A%2F21198%2Fz12j95jp/manifest
Work,1956-10-05 (vol. 02 | no. 85),ark:/21198/z1xw7ch5,ark:/21198/z1dc0vmt,,,open,ihc_respuestas_19561005,https://iiif.library.ucla.edu/iiif/2/ark%3A%2F21198%2Fz1xd3vg5,,,,5 de octubre de 1956|~|1956-10-05,1956-10-05,,8 pages,digitized microfilm,newspapers,spa,,,,Havana (Cuba),,Instituto de Historia de Cuba,text,unknown,"http://www.ihc.cu/, webmaster@ihc.cu",paged,,Departamento de Prensa del C.N. Del P.S.P,Cuba -- Politics and government -- 1933-1959|~|Cuba -- Social life and customs|~|Cuba -- Periodicals,https://iiif.library.ucla.edu/ark%3A%2F21198%2Fz1xw7ch5/manifest
Work,1956-10-12 (vol. 02 | no. 86),ark:/21198/z1t46mt6,ark:/21198/z1dc0vmt,,,open,ihc_respuestas_19561012,https://iiif.library.ucla.edu/iiif/2/ark%3A%2F21198%2Fz1wd6tc7,,,,12 de octubre de 1956|~|1956-10-12,1956-10-12,,8 pages,digitized microfilm,newspapers,spa,,,,Havana (Cuba),,Instituto de Historia de Cuba,text,unknown,"http://www.ihc.cu/, webmaster@ihc.cu",paged,,Departamento de Prensa del C.N. Del P.S.P,Cuba -- Politics and government -- 1933-1959|~|Cuba -- Social life and customs|~|Cuba -- Periodicals,https://iiif.library.ucla.edu/ark%3A%2F21198%2Fz1t46mt6/manifest
Work,1956-10-19 (vol. 02 | no. 87),ark:/21198/z1pc5w4b,ark:/21198/z1dc0vmt,,,open,ihc_respuestas_19561019,https://iiif.library.ucla.edu/iiif/2/ark%3A%2F21198%2Fz1vd9s89,,,,19 de octubre de 1956|~|1956-10-19,1956-10-19,,8 pages,digitized microfilm,newspapers,spa,,,,Havana (Cuba),,Instituto de Historia de Cuba,text,unknown,"http://www.ihc.cu/, webmaster@ihc.cu",paged,,Departamento de Prensa del C.N. Del P.S.P,Cuba -- Politics and government -- 1933-1959|~|Cuba -- Social life and customs|~|Cuba -- Periodicals,https://iiif.library.ucla.edu/ark%3A%2F21198%2Fz1pc5w4b/manifest
Work,1956-10-26 (vol. 02 | no. 88),ark:/21198/z1jm54d0,ark:/21198/z1dc0vmt,,,open,ihc_respuestas_19561026,https://iiif.library.ucla.edu/iiif/2/ark%3A%2F21198%2Fz1tf2r4g,,,,26 de octubre de 1956|~|1956-10-26,1956-10-26,,10 pages,digitized microfilm,newspapers,spa,,,,Havana (Cuba),,Instituto de Historia de Cuba,text,unknown,"http://www.ihc.cu/, webmaster@ihc.cu",paged,,Departamento de Prensa del C.N. Del P.S.P,Cuba -- Politics and government -- 1933-1959|~|Cuba -- Social life and customs|~|Cuba -- Periodicals,https://iiif.library.ucla.edu/ark%3A%2F21198%2Fz1jm54d0/manifest
Work,1956-11-02 (vol. 02 | no. 89),ark:/21198/z1dv4cnt,ark:/21198/z1dc0vmt,,,open,ihc_respuestas_19561102,https://iiif.library.ucla.edu/iiif/2/ark%3A%2F21198%2Fz1hx46hk,,,,2 de noviembre de 1956|~|1956-11-02,1956-11-02,,11 pages,digitized microfilm,newspapers,spa,,,,Havana (Cuba),,Instituto de Historia de Cuba,text,unknown,"http://www.ihc.cu/, webmaster@ihc.cu",paged,,Departamento de Prensa del C.N. Del P.S.P,Cuba -- Politics and government -- 1933-1959|~|Cuba -- Social life and customs|~|Cuba -- Periodicals,https://iiif.library.ucla.edu/ark%3A%2F21198%2Fz1dv4cnt/manifest
Work,1956-11-09 (vol. 02 | no. 90),ark:/21198/z1933mwz,ark:/21198/z1dc0vmt,,,open,ihc_respuestas_19561109,https://iiif.library.ucla.edu/iiif/2/ark%3A%2F21198%2Fz13r3mnh,,,,9 de noviembre de 1956|~|1956-11-09,1956-11-09,,10 pages,digitized microfilm,newspapers,spa,,,,Havana (Cuba),,Instituto de Historia de Cuba,text,unknown,"http://www.ihc.cu/, webmaster@ihc.cu",paged,,Departamento de Prensa del C.N. Del P.S.P,Cuba -- Politics and government -- 1933-1959|~|Cuba -- Social life and customs|~|Cuba -- Periodicals,https://iiif.library.ucla.edu/ark%3A%2F21198%2Fz1933mwz/manifest
Work,1956-11-16 (vol. 02 | no. 91),ark:/21198/z15b2w5n,ark:/21198/z1dc0vmt,,,open,ihc_respuestas_19561116,https://iiif.library.ucla.edu/iiif/2/ark%3A%2F21198%2Fz1t75b8c,,,,16 de noviembre de 1956|~|1956-11-16,1956-11-16,,11 pages,digitized microfilm,newspapers,spa,,,,Havana (Cuba),,Instituto de Historia de Cuba,text,unknown,"http://www.ihc.cu/, webmaster@ihc.cu",paged,,Departamento de Prensa del C.N. Del P.S.P,Cuba -- Politics and government -- 1933-1959|~|Cuba -- Social life and customs|~|Cuba -- Periodicals,https://iiif.library.ucla.edu/ark%3A%2F21198%2Fz15b2w5n/manifest
Work,1956-11-23 (vol. 02 | no. 92),ark:/21198/z11p0tts,ark:/21198/z1dc0vmt,,,open,ihc_respuestas_19561123,https://iiif.library.ucla.edu/iiif/2/ark%3A%2F21198%2Fz1d24rfr,,,,23 de noviembre de 1956|~|1956-11-23,1956-11-23,,12 pages,digitized microfilm,newspapers,spa,,,,Havana (Cuba),,Instituto de Historia de Cuba,text,unknown,"http://www.ihc.cu/, webmaster@ihc.cu",paged,,Departamento de Prensa del C.N. Del P.S.P,Cuba -- Politics and government -- 1933-1959|~|Cuba -- Social life and customs|~|Cuba -- Periodicals,https://iiif.library.ucla.edu/ark%3A%2F21198%2Fz11p0tts/manifest
Work,1956-11-30 (vol. 02 | no. 93),ark:/21198/z1wx0bds,ark:/21198/z1dc0vmt,,,open,ihc_respuestas_19561130,https://iiif.library.ucla.edu/iiif/2/ark%3A%2F21198%2Fz1v43p0f,,,,30 de noviembre de 1956|~|1956-11-30,1956-11-30,,16 pages,digitized microfilm,newspapers,spa,,,,Havana (Cuba),,Instituto de Historia de Cuba,text,unknown,"http://www.ihc.cu/, webmaster@ihc.cu",paged,,Departamento de Prensa del C.N. Del P.S.P,Cuba -- Politics and government -- 1933-1959|~|Cuba -- Social life and customs|~|Cuba -- Periodicals,https://iiif.library.ucla.edu/ark%3A%2F21198%2Fz1wx0bds/manifest
Work,1956-12-07 (vol. 02 | no. 94),ark:/21198/z1s49kq8,ark:/21198/z1dc0vmt,,,open,ihc_respuestas_19561207,https://iiif.library.ucla.edu/iiif/2/ark%3A%2F21198%2Fz1s49ks5,,,,7 de diciembre de 1956|~|1956-12-07,1956-12-07,,9 pages,digitized microfilm,newspapers,spa,,,,Havana (Cuba),,Instituto de Historia de Cuba,text,unknown,"http://www.ihc.cu/, webmaster@ihc.cu",paged,,Departamento de Prensa del C.N. Del P.S.P,Cuba -- Politics and government -- 1933-1959|~|Cuba -- Social life and customs|~|Cuba -- Periodicals,https://iiif.library.ucla.edu/ark%3A%2F21198%2Fz1s49kq8/manifest
Work,1956-12-14 (vol. 02 | no. 95),ark:/21198/z1nc8tz3,ark:/21198/z1dc0vmt,,,open,ihc_respuestas_19561214,https://iiif.library.ucla.edu/iiif/2/ark%3A%2F21198%2Fz1md1sw5,,,,14 de diciembre de 1956|~|1956-12-14,1956-12-14,,12 pages,digitized microfilm,newspapers,spa,,,,Havana (Cuba),,Instituto de Historia de Cuba,text,unknown,"http://www.ihc.cu/, webmaster@ihc.cu",paged,,Departamento de Prensa del C.N. Del P.S.P,Cuba -- Politics and government -- 1933-1959|~|Cuba -- Social life and customs|~|Cuba -- Periodicals,https://iiif.library.ucla.edu/ark%3A%2F21198%2Fz1nc8tz3/manifest
Work,1956-12-21 (vol. 02 | no. 96),ark:/21198/z1hm8358,ark:/21198/z1dc0vmt,,,open,ihc_respuestas_19561221,https://iiif.library.ucla.edu/iiif/2/ark%3A%2F21198%2Fz12g0g8q,,,,21 de diciembre de 1956|~|1956-12-21,1956-12-21,,10 pages,digitized microfilm,newspapers,spa,,,,Havana (Cuba),,Instituto de Historia de Cuba,text,unknown,"http://www.ihc.cu/, webmaster@ihc.cu",paged,,Departamento de Prensa del C.N. Del P.S.P,Cuba -- Politics and government -- 1933-1959|~|Cuba -- Social life and customs|~|Cuba -- Periodicals,https://iiif.library.ucla.edu/ark%3A%2F21198%2Fz1hm8358/manifest
Work,1956-12-28 (vol. 02 | no. 97),ark:/21198/z1cv7bfj,ark:/21198/z1dc0vmt,,,open,ihc_respuestas_19561228,https://iiif.library.ucla.edu/iiif/2/ark%3A%2F21198%2Fz1s20wcd,,,,28 de diciembre de 1956|~|1956-12-28,1956-12-28,,11 pages,digitized microfilm,newspapers,spa,,,,Havana (Cuba),,Instituto de Historia de Cuba,text,unknown,"http://www.ihc.cu/, webmaster@ihc.cu",paged,,Departamento de Prensa del C.N. Del P.S.P,Cuba -- Politics and government -- 1933-1959|~|Cuba -- Social life and customs|~|Cuba -- Periodicals,https://iiif.library.ucla.edu/ark%3A%2F21198%2Fz1cv7bfj/manifest